timestamp,pci,cell_type,nof_ue,dl_brate,ul_brate,dl_nof_ok,dl_nof_nok,ul_nof_ok,ul_nof_nok,dl_mcs,ul_mcs,dl_prb,ul_prb,pusch_snr_db,pucch_snr_db,anomaly_label
2026-06-13T08:00:00,PCI_1,TDD,1,192001192.0,21752256.0,447,0,307,4,17.4,16.0,11.7,18.4,23.56,20.13,Normal
2026-06-13T08:01:00,PCI_1,TDD,2,308008406.0,13899885.0,422,1,399,3,17.6,14.6,22.3,13.4,21.14,19.3,Normal
2026-06-13T08:02:00,PCI_1,TDD,1,303298492.0,20456342.0,430,16,351,2,16.4,17.2,22.0,13.7,20.32,18.35,Normal
2026-06-13T08:03:00,PCI_1,TDD,1,334578783.0,21304753.0,379,7,376,5,19.7,16.4,19.9,14.8,22.58,21.26,Normal
2026-06-13T08:04:00,PCI_1,TDD,1,257803239.0,16433375.0,385,4,435,0,19.9,12.6,15.0,15.4,23.17,21.42,Normal
2026-06-13T08:05:00,PCI_1,TDD,2,258567163.0,16669677.0,464,5,328,0,16.2,17.0,17.6,18.2,21.15,20.32,Normal
2026-06-13T08:06:00,PCI_1,TDD,2,264462395.0,21461435.0,393,4,368,0,19.0,15.1,17.1,17.3,22.89,21.33,Normal
2026-06-13T08:07:00,PCI_1,TDD,1,258856509.0,18975001.0,346,0,334,0,18.8,14.2,15.3,21.6,21.29,21.48,Normal
2026-06-13T08:08:00,PCI_1,TDD,1,278134993.0,14819410.0,417,10,322,6,18.5,14.8,10.2,15.6,20.94,20.47,Normal
2026-06-13T08:09:00,PCI_1,TDD,1,416613362.0,18568552.0,388,7,404,9,19.7,16.7,24.9,9.4,20.72,18.15,Normal
2026-06-13T08:10:00,PCI_1,TDD,1,196163602.0,23136759.0,432,0,358,5,19.7,20.0,32.3,17.6,20.02,15.74,Normal
2026-06-13T08:11:00,PCI_1,TDD,1,241377359.0,18079743.0,417,6,445,5,17.7,13.9,9.5,13.2,21.89,23.54,Normal
2026-06-13T08:12:00,PCI_1,TDD,1,378983820.0,17855412.0,393,1,378,13,16.4,17.7,13.6,20.5,22.77,19.69,Normal
2026-06-13T08:13:00,PCI_1,TDD,1,259097007.0,22777433.0,433,0,359,5,21.2,16.3,17.7,17.4,24.61,20.44,Normal
2026-06-13T08:14:00,PCI_1,TDD,1,394102557.0,22885842.0,537,7,365,0,21.3,19.4,17.5,14.2,24.92,17.79,Normal
2026-06-13T08:15:00,PCI_1,TDD,1,362302099.0,18963814.0,465,6,432,10,18.2,17.3,8.4,16.0,20.31,17.56,Normal
2026-06-13T08:16:00,PCI_1,TDD,1,291911664.0,25710907.0,403,7,403,3,20.0,17.1,25.5,15.7,20.61,19.55,Normal
2026-06-13T08:17:00,PCI_1,TDD,2,333128678.0,15903771.0,478,8,527,12,16.3,15.4,11.6,13.6,22.63,22.41,Normal
2026-06-13T08:18:00,PCI_1,TDD,1,273735649.0,10783330.0,470,1,409,1,17.8,12.5,11.8,27.4,19.43,17.81,Normal
2026-06-13T08:19:00,PCI_1,TDD,2,543583605.0,15855738.0,464,8,503,0,17.5,17.6,21.5,15.0,21.73,17.25,Normal
2026-06-13T08:20:00,PCI_1,TDD,1,308627198.0,23067933.0,459,9,478,5,18.7,16.1,19.5,13.4,22.63,19.81,Normal
2026-06-13T08:21:00,PCI_1,TDD,3,449506108.0,24029532.0,452,1,489,5,19.0,12.5,24.3,19.5,19.78,19.06,Normal
2026-06-13T08:22:00,PCI_1,TDD,2,338333046.0,20832346.0,490,6,451,10,12.9,15.5,20.7,18.8,21.26,16.49,Normal
2026-06-13T08:23:00,PCI_1,TDD,2,466837944.0,14816471.0,542,5,447,0,17.3,18.6,22.9,26.2,24.35,20.88,Normal
2026-06-13T08:24:00,PCI_1,TDD,2,373094683.0,26817954.0,489,7,425,8,15.6,17.6,19.2,23.5,23.5,23.64,Normal
2026-06-13T08:25:00,PCI_1,TDD,2,225145351.0,22535125.0,449,5,517,7,16.6,14.0,20.5,11.7,20.66,20.62,Normal
2026-06-13T08:26:00,PCI_1,TDD,2,391578091.0,11604951.0,527,8,477,11,13.9,14.8,23.5,10.0,24.95,20.74,Normal
2026-06-13T08:27:00,PCI_1,TDD,2,305967036.0,27321339.0,570,8,474,6,16.3,15.7,19.9,20.0,24.0,17.88,Normal
2026-06-13T08:28:00,PCI_1,TDD,2,462757806.0,19725302.0,479,8,502,5,20.7,17.7,25.0,21.0,26.66,19.59,Normal
2026-06-13T08:29:00,PCI_1,TDD,1,474822328.0,21345053.0,530,14,408,0,14.8,14.4,23.2,21.0,22.55,17.17,Normal
2026-06-13T08:30:00,PCI_1,TDD,1,361427947.0,21464548.0,552,11,481,8,18.5,17.1,17.7,17.6,22.39,21.64,Normal
2026-06-13T09:15:00,PCI_3,TDD,2,514544526.0,30367938.0,698,14,554,1,15.0,11.3,24.8,28.4,21.43,20.4,Normal
2026-06-13T09:16:00,PCI_3,TDD,3,577362208.0,31506694.0,775,11,603,4,15.0,14.2,26.5,28.8,25.44,17.24,Normal
2026-06-13T09:17:00,PCI_3,TDD,3,402057894.0,34380065.0,704,1,677,4,16.9,13.9,25.2,27.0,21.62,20.66,Normal
2026-06-13T09:18:00,PCI_3,TDD,3,581445256.0,30445778.0,640,16,629,11,18.8,15.7,30.3,34.8,26.15,20.14,Normal
2026-06-13T09:19:00,PCI_3,TDD,2,565394411.0,28083455.0,734,10,658,3,14.8,11.9,23.1,22.8,21.41,23.87,Normal
2026-06-13T09:20:00,PCI_3,TDD,3,414783985.0,34201263.0,701,9,656,9,17.3,18.1,23.1,25.3,27.2,20.45,Normal
2026-06-13T09:21:00,PCI_3,TDD,3,496052730.0,35516467.0,721,10,621,8,16.3,17.3,34.4,27.2,21.43,20.91,Normal
2026-06-13T09:22:00,PCI_3,TDD,2,561585957.0,23604298.0,711,0,595,12,19.8,14.6,21.6,10.7,20.91,24.84,Normal
2026-06-13T09:23:00,PCI_3,TDD,3,451666345.0,35234352.0,653,9,662,6,19.6,16.7,32.6,22.2,23.8,23.26,Normal
2026-06-13T09:24:00,PCI_3,TDD,2,429254405.0,39734360.0,724,18,643,13,18.3,16.5,37.2,23.9,20.12,19.1,Normal
2026-06-13T09:25:00,PCI_3,TDD,3,380579765.0,36388134.0,710,16,568,4,14.6,14.3,30.8,24.9,21.49,19.68,Normal
2026-06-13T09:26:00,PCI_3,TDD,3,424534243.0,36879211.0,774,13,689,8,22.1,15.8,28.1,22.2,19.94,17.51,Normal
2026-06-13T09:27:00,PCI_3,TDD,2,497018641.0,35159454.0,746,7,705,10,17.7,14.7,32.5,27.0,19.1,19.86,Normal
2026-06-13T09:28:00,PCI_3,TDD,3,436970091.0,34579030.0,674,17,722,6,18.7,11.2,24.1,24.7,19.86,21.43,Normal
2026-06-13T09:29:00,PCI_3,TDD,4,418310773.0,29583141.0,762,19,626,8,21.6,12.7,23.6,24.1,20.96,21.63,Normal
2026-06-13T09:30:00,PCI_3,TDD,3,113144539.0,13025432.0,724,184,653,120,6.4,9.4,96.7,88.4,23.08,17.93,CONGESTION
2026-06-13T09:31:00,PCI_3,TDD,3,116954220.0,11581279.0,770,191,699,137,8.6,5.8,95.5,89.4,25.22,25.1,CONGESTION
2026-06-13T09:32:00,PCI_3,TDD,2,118737948.0,12458795.0,768,173,678,104,9.4,10.4,96.5,88.3,21.65,23.34,CONGESTION
2026-06-13T09:33:00,PCI_3,TDD,3,111055927.0,8912629.0,758,196,621,139,9.8,7.7,99.6,90.8,20.57,17.37,CONGESTION
2026-06-13T09:34:00,PCI_3,TDD,3,98490255.0,9261001.0,741,175,749,114,8.6,10.2,94.6,88.2,17.5,18.35,CONGESTION
2026-06-13T09:35:00,PCI_3,TDD,3,149358344.0,9349377.0,723,134,682,107,8.8,10.3,95.5,88.0,21.58,17.57,CONGESTION
2026-06-13T09:36:00,PCI_3,TDD,2,129038127.0,9633041.0,809,142,649,131,11.4,6.0,92.6,92.0,22.32,21.56,CONGESTION
2026-06-13T09:37:00,PCI_3,TDD,3,210351909.0,12731338.0,755,186,697,103,10.5,9.3,97.9,91.3,20.16,21.71,CONGESTION
2026-06-13T09:38:00,PCI_3,TDD,3,168454091.0,7162622.0,861,184,753,130,10.8,8.0,95.9,93.6,22.79,20.12,CONGESTION
2026-06-13T09:39:00,PCI_3,TDD,3,129901584.0,11440910.0,742,177,722,111,11.6,10.2,96.5,90.8,24.05,20.08,CONGESTION
2026-06-13T09:40:00,PCI_3,TDD,2,125274007.0,12966274.0,754,180,684,130,4.8,4.3,96.5,87.7,19.72,19.04,CONGESTION
2026-06-13T09:41:00,PCI_3,TDD,3,215583892.0,6743775.0,805,243,662,142,9.3,8.7,98.6,89.8,25.67,19.33,CONGESTION
2026-06-13T09:42:00,PCI_3,TDD,2,129969150.0,12225479.0,764,171,710,121,10.7,5.3,96.1,88.6,23.33,18.04,CONGESTION
2026-06-13T09:43:00,PCI_3,TDD,3,192797683.0,12012171.0,827,129,636,104,11.5,7.1,94.4,90.6,22.45,21.9,CONGESTION
2026-06-13T09:44:00,PCI_3,TDD,2,114153521.0,13179901.0,795,158,756,118,6.4,8.1,99.1,89.5,22.21,19.71,CONGESTION
2026-06-13T09:45:00,PCI_3,TDD,3,160877018.0,10594250.0,846,180,774,136,8.5,8.2,95.7,90.8,22.24,18.86,CONGESTION
2026-06-13T09:46:00,PCI_3,TDD,3,185522381.0,10433058.0,828,189,715,137,4.0,4.6,91.6,90.8,24.4,20.58,CONGESTION
2026-06-13T09:47:00,PCI_3,TDD,2,118135958.0,11134615.0,777,184,721,139,8.4,7.8,97.4,90.1,21.93,17.27,CONGESTION
2026-06-13T09:48:00,PCI_3,TDD,2,155225696.0,15123389.0,783,209,741,156,8.0,9.7,96.9,89.4,23.26,17.19,CONGESTION
2026-06-13T09:49:00,PCI_3,TDD,3,161026433.0,13264735.0,845,169,731,105,6.5,10.9,97.1,90.8,22.01,20.68,CONGESTION
2026-06-13T09:50:00,PCI_3,TDD,2,111957740.0,12615434.0,795,189,753,122,9.4,7.0,97.6,92.4,21.27,15.64,CONGESTION
2026-06-13T09:51:00,PCI_3,TDD,3,203115593.0,13391240.0,852,152,692,152,9.2,12.0,94.1,89.6,20.92,21.09,CONGESTION
2026-06-13T09:52:00,PCI_3,TDD,3,128175484.0,13637302.0,836,184,791,149,5.8,6.2,94.3,89.5,22.91,22.89,CONGESTION
2026-06-13T09:53:00,PCI_3,TDD,4,143518839.0,14285202.0,829,211,752,137,7.7,10.5,97.2,90.4,23.31,19.45,CONGESTION
2026-06-13T09:54:00,PCI_3,TDD,3,206918139.0,13763429.0,850,172,758,135,9.2,10.3,95.6,90.2,23.68,22.97,CONGESTION
2026-06-13T09:55:00,PCI_3,TDD,2,189988525.0,9762645.0,784,178,732,130,9.1,8.1,95.8,92.6,20.21,19.47,CONGESTION
2026-06-13T09:56:00,PCI_3,TDD,4,113920977.0,8590630.0,796,151,769,112,11.9,4.0,96.2,90.0,23.93,20.55,CONGESTION
2026-06-13T09:57:00,PCI_3,TDD,3,168973672.0,11088023.0,777,153,841,142,9.7,8.8,94.9,90.3,21.77,18.0,CONGESTION
2026-06-13T09:58:00,PCI_3,TDD,2,174664904.0,10400052.0,759,170,760,136,6.9,5.4,94.6,93.0,23.5,23.87,CONGESTION
2026-06-13T09:59:00,PCI_3,TDD,3,111258715.0,11665151.0,795,188,838,141,8.9,10.6,94.2,92.6,16.7,17.24,CONGESTION
2026-06-13T10:00:00,PCI_3,TDD,2,149289778.0,11474260.0,804,169,772,145,7.0,11.4,98.3,92.6,20.41,20.05,CONGESTION
2026-06-13T10:01:00,PCI_3,TDD,3,114130860.0,7847156.0,826,179,790,128,10.6,7.1,97.5,90.2,23.55,19.92,CONGESTION
2026-06-13T10:02:00,PCI_3,TDD,2,125415035.0,14797041.0,866,185,811,110,10.6,8.1,92.7,86.0,25.24,20.73,CONGESTION
2026-06-13T10:03:00,PCI_3,TDD,3,237799635.0,12826786.0,847,130,739,115,10.5,7.5,92.2,91.2,19.69,18.07,CONGESTION
2026-06-13T10:04:00,PCI_3,TDD,3,80743505.0,12654064.0,782,185,730,106,9.5,9.9,96.0,86.9,19.03,22.38,CONGESTION
2026-06-13T10:05:00,PCI_3,TDD,3,165418258.0,7295783.0,789,165,769,143,13.6,8.7,95.2,87.9,21.57,18.4,CONGESTION
2026-06-13T10:06:00,PCI_3,TDD,3,190525878.0,12118706.0,780,204,837,144,6.7,10.7,95.4,90.8,21.24,21.83,CONGESTION
2026-06-13T10:07:00,PCI_3,TDD,2,163598964.0,12218363.0,767,161,777,119,6.8,8.7,96.1,92.5,16.27,19.37,CONGESTION
2026-06-13T10:08:00,PCI_3,TDD,4,122120204.0,13590437.0,755,171,788,163,9.0,9.0,96.4,91.3,21.59,19.02,CONGESTION
2026-06-13T10:09:00,PCI_3,TDD,2,201378867.0,14231187.0,808,161,805,116,10.5,7.5,97.4,91.3,24.8,20.36,CONGESTION
2026-06-13T10:10:00,PCI_3,TDD,2,206120076.0,12165218.0,831,177,717,124,8.3,9.0,95.5,88.8,21.71,20.58,CONGESTION
2026-06-13T10:11:00,PCI_3,TDD,4,152914147.0,14108329.0,859,134,783,127,11.3,8.0,93.3,90.2,22.08,17.43,CONGESTION
2026-06-13T10:12:00,PCI_3,TDD,3,163369543.0,9099755.0,837,172,789,113,7.8,5.9,95.1,90.0,23.76,17.25,CONGESTION
2026-06-13T10:13:00,PCI_3,TDD,3,118834439.0,11376847.0,799,184,747,119,5.0,4.6,96.8,91.8,21.91,24.0,CONGESTION
2026-06-13T10:14:00,PCI_3,TDD,4,145443563.0,9734503.0,796,194,764,104,13.0,6.1,97.5,87.7,17.73,21.23,CONGESTION
2026-06-13T10:15:00,PCI_3,TDD,2,145152868.0,14708023.0,903,195,771,142,7.7,6.5,95.5,87.2,22.79,16.87,CONGESTION
2026-06-13T10:16:00,PCI_3,TDD,3,174789602.0,12135325.0,822,135,739,135,9.1,10.1,93.8,87.5,22.05,19.56,CONGESTION
2026-06-13T10:17:00,PCI_3,TDD,4,173800103.0,16567785.0,830,158,713,129,9.5,11.2,96.7,90.6,19.18,19.65,CONGESTION
2026-06-13T10:18:00,PCI_3,TDD,4,232241433.0,9897788.0,851,191,800,130,9.6,6.5,100.0,86.4,21.91,20.16,CONGESTION
2026-06-13T10:19:00,PCI_3,TDD,3,229782285.0,14383625.0,924,190,845,93,8.6,5.1,97.5,90.0,21.97,20.57,CONGESTION
2026-06-13T10:20:00,PCI_3,TDD,3,151736391.0,15531389.0,863,177,775,156,13.8,5.8,97.1,90.3,21.53,16.87,CONGESTION
2026-06-13T10:21:00,PCI_3,TDD,4,160119625.0,15100864.0,871,204,756,120,6.9,6.9,95.6,87.0,18.77,21.98,CONGESTION
2026-06-13T10:22:00,PCI_3,TDD,3,128740679.0,10293665.0,865,184,764,158,9.3,4.0,94.3,89.0,21.07,24.75,CONGESTION
2026-06-13T10:23:00,PCI_3,TDD,3,141271658.0,11715717.0,865,181,695,115,12.8,10.3,93.9,88.7,20.94,21.21,CONGESTION
2026-06-13T10:24:00,PCI_3,TDD,3,133032155.0,11359426.0,870,168,779,134,10.3,6.5,96.8,87.4,20.36,20.22,CONGESTION
2026-06-13T10:25:00,PCI_3,TDD,3,198451980.0,12540116.0,845,196,766,116,8.7,5.6,94.4,87.9,22.14,17.65,CONGESTION
2026-06-13T10:26:00,PCI_3,TDD,4,152153964.0,15482334.0,813,186,835,145,11.2,4.8,97.0,92.4,23.62,20.19,CONGESTION
2026-06-13T10:27:00,PCI_3,TDD,2,155272712.0,14900935.0,864,199,778,100,9.0,8.1,93.1,91.0,22.88,19.39,CONGESTION
2026-06-13T10:28:00,PCI_3,TDD,2,199816582.0,11698894.0,889,194,819,130,7.2,7.5,97.3,93.1,24.44,21.29,CONGESTION
2026-06-13T10:29:00,PCI_3,TDD,2,146672074.0,15493090.0,886,184,783,125,10.3,6.7,94.3,89.2,19.01,17.38,CONGESTION
2026-06-13T10:30:00,PCI_3,TDD,3,631634571.0,36273663.0,874,18,810,3,19.3,13.8,42.4,36.0,22.58,20.31,Normal
2026-06-13T10:31:00,PCI_3,TDD,3,647639125.0,37929431.0,895,17,773,6,15.6,13.9,26.2,34.6,25.62,22.85,Normal
2026-06-13T10:32:00,PCI_3,TDD,2,651838908.0,46942186.0,862,13,716,9,15.9,16.4,27.6,33.7,24.05,18.43,Normal
2026-06-13T10:33:00,PCI_3,TDD,2,436473120.0,38546256.0,857,5,815,7,15.8,14.9,40.8,34.0,21.74,21.24,Normal
2026-06-13T10:34:00,PCI_3,TDD,2,601277654.0,40659938.0,863,15,767,10,19.1,10.2,41.4,15.8,20.77,22.05,Normal
2026-06-13T10:35:00,PCI_3,TDD,3,489535954.0,34497975.0,939,3,844,8,15.6,14.8,30.4,35.4,23.46,16.56,Normal
2026-06-13T10:36:00,PCI_3,TDD,3,535385891.0,46475871.0,821,21,798,4,16.6,14.4,29.2,31.6,19.54,15.64,Normal
2026-06-13T10:37:00,PCI_3,TDD,3,465510373.0,36287502.0,844,8,881,9,18.5,12.4,32.3,32.2,19.95,21.82,Normal
2026-06-13T10:38:00,PCI_3,TDD,2,579821714.0,37156353.0,899,10,790,7,16.5,17.0,36.8,30.7,21.14,21.59,Normal
2026-06-13T10:39:00,PCI_3,TDD,3,578846235.0,40646686.0,976,6,833,1,18.4,19.2,38.1,32.1,20.88,20.06,Normal
2026-06-13T10:40:00,PCI_3,TDD,3,543424371.0,38708796.0,902,9,770,3,18.8,17.1,36.9,36.1,22.18,20.78,Normal
2026-06-13T10:41:00,PCI_3,TDD,3,596005889.0,37537317.0,1003,11,777,10,18.5,13.2,41.3,30.8,19.78,22.38,Normal
2026-06-13T10:42:00,PCI_3,TDD,3,508504166.0,49108902.0,926,13,868,9,17.9,14.7,38.7,33.7,22.03,18.42,Normal
2026-06-13T10:43:00,PCI_3,TDD,3,598557945.0,33585485.0,820,16,700,9,17.0,18.6,33.3,34.6,21.21,20.23,Normal
2026-06-13T10:44:00,PCI_3,TDD,3,569523794.0,45263806.0,845,14,842,11,21.8,14.5,28.9,26.4,23.32,21.0,Normal
2026-06-13T10:45:00,PCI_3,TDD,3,520390862.0,44141846.0,834,19,920,10,19.2,15.0,26.8,28.3,19.81,17.11,Normal
2026-06-13T12:45:00,PCI_8,TDD,3,495921671.0,33595570.0,688,9,672,6,19.1,15.6,26.5,17.6,18.04,19.48,Normal
2026-06-13T12:46:00,PCI_8,TDD,2,376652818.0,31368464.0,703,0,594,8,18.8,13.7,28.8,29.6,23.55,19.81,Normal
2026-06-13T12:47:00,PCI_8,TDD,2,423551854.0,33722612.0,707,13,632,10,18.2,17.6,32.3,20.4,18.38,23.09,Normal
2026-06-13T12:48:00,PCI_8,TDD,2,339791080.0,27656071.0,732,9,604,12,15.9,14.4,28.8,26.2,22.99,21.82,Normal
2026-06-13T12:49:00,PCI_8,TDD,2,502691043.0,29769770.0,693,10,629,9,19.1,16.1,23.6,24.5,21.94,20.39,Normal
2026-06-13T12:50:00,PCI_8,TDD,3,424299089.0,33016915.0,740,10,711,5,18.6,14.4,25.7,25.3,23.69,20.64,Normal
2026-06-13T12:51:00,PCI_8,TDD,3,454039707.0,29083298.0,818,12,586,4,16.1,17.9,25.5,24.5,21.87,21.46,Normal
2026-06-13T12:52:00,PCI_8,TDD,2,378059683.0,31703327.0,709,11,579,9,16.5,15.0,22.5,30.3,23.27,21.21,Normal
2026-06-13T12:53:00,PCI_8,TDD,3,667227426.0,21872452.0,639,7,574,2,17.4,13.6,28.7,23.9,22.96,21.02,Normal
2026-06-13T12:54:00,PCI_8,TDD,2,425810004.0,40860095.0,684,0,564,0,18.0,15.8,24.6,33.6,23.1,21.45,Normal
2026-06-13T12:55:00,PCI_8,TDD,2,376402751.0,30273269.0,677,0,594,6,17.6,14.4,24.0,22.5,22.18,21.21,Normal
2026-06-13T12:56:00,PCI_8,TDD,3,426771672.0,27642402.0,686,13,581,9,20.0,18.6,35.5,18.9,22.03,20.02,Normal
2026-06-13T12:57:00,PCI_8,TDD,2,397648547.0,22328408.0,665,6,598,3,15.8,16.5,27.2,26.0,26.37,20.55,Normal
2026-06-13T12:58:00,PCI_8,TDD,2,363008251.0,23153819.0,736,5,550,6,17.8,14.2,24.8,29.2,20.39,17.21,Normal
2026-06-13T12:59:00,PCI_8,TDD,3,478216466.0,26317020.0,574,6,586,11,15.9,15.8,29.5,11.0,24.07,17.64,Normal
2026-06-13T13:00:00,PCI_8,TDD,2,457251236.0,34672932.0,677,0,553,7,16.4,17.0,29.9,25.8,21.32,20.62,DRIFT(0%)
2026-06-13T13:01:00,PCI_8,TDD,2,499699493.0,29713865.0,493,3,657,4,21.2,18.5,25.9,28.1,22.31,20.85,DRIFT(2%)
2026-06-13T13:02:00,PCI_8,TDD,3,309321005.0,31141524.0,699,15,561,11,17.0,21.1,21.9,19.9,20.2,15.46,DRIFT(3%)
2026-06-13T13:03:00,PCI_8,TDD,2,383213083.0,38412978.0,639,16,585,9,17.1,18.7,25.8,24.8,21.91,22.75,DRIFT(5%)
2026-06-13T13:04:00,PCI_8,TDD,2,503611471.0,34264377.0,635,0,591,0,17.5,16.3,30.4,17.7,21.02,18.46,DRIFT(7%)
2026-06-13T13:05:00,PCI_8,TDD,3,466043218.0,33636837.0,673,16,560,0,18.1,17.6,20.4,21.2,21.96,19.98,DRIFT(8%)
2026-06-13T13:06:00,PCI_8,TDD,2,413946397.0,22288863.0,517,10,577,11,16.4,19.1,20.1,20.2,22.82,20.48,DRIFT(10%)
2026-06-13T13:07:00,PCI_8,TDD,2,448975263.0,22536144.0,611,8,624,4,16.1,17.0,21.4,22.0,21.55,16.3,DRIFT(12%)
2026-06-13T13:08:00,PCI_8,TDD,2,344621684.0,19819317.0,652,14,555,0,17.5,12.7,26.3,17.2,19.86,17.43,DRIFT(13%)
2026-06-13T13:09:00,PCI_8,TDD,2,448484836.0,29092366.0,580,4,487,7,18.5,11.3,21.9,17.0,17.74,19.86,DRIFT(15%)
2026-06-13T13:10:00,PCI_8,TDD,2,331748064.0,30590088.0,494,0,538,12,17.9,16.2,30.1,31.9,22.4,15.72,DRIFT(17%)
2026-06-13T13:11:00,PCI_8,TDD,1,375531920.0,26117503.0,559,4,557,10,15.5,16.1,27.1,16.4,23.34,17.24,DRIFT(18%)
2026-06-13T13:12:00,PCI_8,TDD,2,417148722.0,24476139.0,583,11,509,4,14.2,18.0,21.1,11.9,17.23,17.37,DRIFT(20%)
2026-06-13T13:13:00,PCI_8,TDD,2,305227573.0,24769315.0,665,12,540,4,15.4,16.7,26.9,16.4,19.28,18.54,DRIFT(22%)
2026-06-13T13:14:00,PCI_8,TDD,3,292687250.0,27878652.0,593,8,531,6,19.0,18.8,23.8,24.9,17.59,18.84,DRIFT(23%)
2026-06-13T13:15:00,PCI_8,TDD,2,202441598.0,23870013.0,652,11,542,9,18.1,18.4,28.3,28.3,18.04,16.1,DRIFT(25%)
2026-06-13T13:16:00,PCI_8,TDD,2,389799055.0,27047348.0,557,8,586,8,14.8,15.6,32.4,19.5,19.29,16.69,DRIFT(27%)
2026-06-13T13:17:00,PCI_8,TDD,2,298029166.0,31987560.0,610,9,530,5,16.3,14.3,15.2,23.5,18.64,16.12,DRIFT(28%)
2026-06-13T13:18:00,PCI_8,TDD,2,295937081.0,24503822.0,680,0,541,0,17.2,15.1,12.7,22.2,19.06,18.55,DRIFT(30%)
2026-06-13T13:19:00,PCI_8,TDD,2,323437090.0,32520449.0,659,14,479,6,15.4,12.4,25.4,31.5,17.84,16.09,DRIFT(32%)
2026-06-13T13:20:00,PCI_8,TDD,1,255738072.0,32026976.0,639,3,552,5,17.9,16.9,27.8,20.4,18.27,14.75,DRIFT(33%)
2026-06-13T13:21:00,PCI_8,TDD,2,352178707.0,17469725.0,525,14,521,0,14.2,14.9,29.7,19.4,15.75,14.31,DRIFT(35%)
2026-06-13T13:22:00,PCI_8,TDD,2,223583994.0,16985110.0,603,5,490,0,14.7,16.0,27.2,15.8,15.84,17.91,DRIFT(37%)
2026-06-13T13:23:00,PCI_8,TDD,1,288405170.0,31904723.0,631,4,501,5,13.3,15.9,22.4,25.3,16.31,16.4,DRIFT(38%)
2026-06-13T13:24:00,PCI_8,TDD,2,286806194.0,20105889.0,506,15,492,12,13.1,16.6,34.1,14.1,15.16,15.17,DRIFT(40%)
2026-06-13T13:25:00,PCI_8,TDD,2,231402619.0,23866180.0,572,3,467,4,16.0,15.2,22.6,17.3,15.18,16.04,DRIFT(42%)
2026-06-13T13:26:00,PCI_8,TDD,1,308524750.0,23380278.0,564,16,511,0,13.3,18.5,20.7,24.1,16.15,12.17,DRIFT(43%)
2026-06-13T13:27:00,PCI_8,TDD,2,167523778.0,17992861.0,490,7,473,11,15.3,17.0,22.4,20.9,14.03,15.85,DRIFT(45%)
2026-06-13T13:28:00,PCI_8,TDD,2,260026644.0,26203390.0,394,9,479,5,11.7,15.9,15.8,18.1,15.71,15.96,DRIFT(47%)
2026-06-13T13:29:00,PCI_8,TDD,2,335468413.0,15339806.0,542,5,465,1,12.6,19.7,15.0,12.8,14.54,14.16,DRIFT(48%)
2026-06-13T13:30:00,PCI_8,TDD,1,246293469.0,36114647.0,599,3,502,1,12.4,18.0,27.0,23.8,16.12,14.59,DRIFT(50%)
2026-06-13T13:31:00,PCI_8,TDD,1,259878919.0,29028598.0,465,11,485,8,15.5,14.6,12.9,15.7,13.73,11.07,DRIFT(52%)
2026-06-13T13:32:00,PCI_8,TDD,2,289302859.0,28281870.0,549,6,462,3,14.3,17.1,18.5,20.6,13.54,14.35,DRIFT(53%)
2026-06-13T13:33:00,PCI_8,TDD,2,248221459.0,23306531.0,513,4,447,11,11.5,14.4,18.1,23.6,13.91,14.26,DRIFT(55%)
2026-06-13T13:34:00,PCI_8,TDD,1,288175098.0,27432787.0,463,3,465,12,11.5,16.6,13.6,14.8,13.27,13.21,DRIFT(57%)
2026-06-13T13:35:00,PCI_8,TDD,1,272711626.0,26634252.0,550,0,469,7,13.6,16.0,19.7,27.0,17.57,11.63,DRIFT(58%)
2026-06-13T13:36:00,PCI_8,TDD,2,177880597.0,25144352.0,498,10,462,9,11.1,15.7,25.6,20.5,12.03,11.95,DRIFT(60%)
2026-06-13T13:37:00,PCI_8,TDD,2,271262489.0,21710127.0,571,14,459,1,16.4,15.9,20.6,15.8,14.32,11.42,DRIFT(62%)
2026-06-13T13:38:00,PCI_8,TDD,1,156461485.0,24843896.0,571,7,468,0,12.3,13.9,10.3,17.9,12.33,11.15,DRIFT(63%)
2026-06-13T13:39:00,PCI_8,TDD,2,256061562.0,25862218.0,548,7,454,6,9.7,15.2,18.0,13.1,11.91,11.21,DRIFT(65%)
2026-06-13T13:40:00,PCI_8,TDD,2,211851637.0,17593084.0,527,4,381,8,14.2,15.2,19.7,22.8,13.48,11.27,DRIFT(67%)
2026-06-13T13:41:00,PCI_8,TDD,1,98665710.0,23500396.0,579,15,507,0,11.6,14.6,20.4,10.5,13.78,13.0,DRIFT(68%)
2026-06-13T13:42:00,PCI_8,TDD,1,184145560.0,17789193.0,521,13,472,1,10.6,12.5,26.2,14.7,14.1,11.64,DRIFT(70%)
2026-06-13T13:43:00,PCI_8,TDD,1,204119115.0,29325948.0,495,10,473,0,13.8,15.4,6.4,5.9,12.14,11.68,DRIFT(72%)
2026-06-13T13:44:00,PCI_8,TDD,1,187898341.0,22653572.0,432,7,358,10,11.1,20.1,18.6,21.6,10.86,11.38,DRIFT(73%)
2026-06-13T13:45:00,PCI_8,TDD,1,178996127.0,17886345.0,580,6,480,3,12.9,13.4,16.4,17.3,13.58,11.96,DRIFT(75%)
2026-06-13T13:46:00,PCI_8,TDD,1,283613283.0,18315079.0,422,0,508,7,11.9,18.5,21.9,26.0,10.57,7.84,DRIFT(77%)
2026-06-13T13:47:00,PCI_8,TDD,1,206993637.0,32345932.0,438,4,415,8,9.0,14.7,23.6,17.9,13.29,11.2,DRIFT(78%)
2026-06-13T13:48:00,PCI_8,TDD,1,171511820.0,24030557.0,384,2,417,4,9.9,13.5,19.9,21.3,10.66,9.15,DRIFT(80%)
2026-06-13T13:49:00,PCI_8,TDD,2,161625959.0,15707509.0,423,7,388,6,8.1,17.8,25.0,20.7,10.45,9.52,DRIFT(82%)
2026-06-13T13:50:00,PCI_8,TDD,1,142906071.0,16601766.0,427,12,407,14,10.0,15.4,17.8,16.8,9.07,11.29,DRIFT(83%)
2026-06-13T13:51:00,PCI_8,TDD,1,188655353.0,26103447.0,396,6,326,0,8.1,15.1,12.0,16.5,11.21,8.06,DRIFT(85%)
2026-06-13T13:52:00,PCI_8,TDD,1,191670071.0,25760322.0,401,11,360,11,10.9,18.7,14.1,25.3,9.08,10.77,DRIFT(87%)
2026-06-13T13:53:00,PCI_8,TDD,1,151140964.0,23165357.0,437,0,354,5,7.3,19.2,21.1,16.5,9.4,8.16,DRIFT(88%)
2026-06-13T13:54:00,PCI_8,TDD,1,152296326.0,22615821.0,453,7,405,4,7.3,14.5,18.9,18.3,8.46,8.41,DRIFT(90%)
2026-06-13T13:55:00,PCI_8,TDD,2,180804599.0,21668605.0,520,5,500,3,7.5,15.2,18.7,18.9,9.53,9.41,DRIFT(92%)
2026-06-13T13:56:00,PCI_8,TDD,1,132240249.0,15744040.0,378,19,365,0,7.7,15.9,19.4,17.4,9.44,7.49,DRIFT(93%)
2026-06-13T13:57:00,PCI_8,TDD,1,90584403.0,23910029.0,447,11,373,7,9.3,17.7,17.4,17.6,6.45,7.53,DRIFT(95%)
2026-06-13T13:58:00,PCI_8,TDD,1,81159598.0,13487182.0,372,4,313,0,7.7,16.2,10.4,13.7,8.16,9.94,DRIFT(97%)
2026-06-13T13:59:00,PCI_8,TDD,1,165395227.0,16665337.0,459,8,350,5,8.9,18.0,13.4,14.4,6.7,9.73,DRIFT(98%)
2026-06-13T14:00:00,PCI_8,TDD,1,162278870.0,29170465.0,450,13,363,0,10.3,16.5,13.0,9.4,5.82,7.33,DRIFT(100%)
2026-06-13T11:45:00,PCI_12,FDD,2,43136095.0,18181818.0,889,18,805,12,15.7,18.2,30.2,31.5,22.52,20.97,Normal
2026-06-13T11:46:00,PCI_12,FDD,3,34492309.0,15981011.0,903,13,820,8,15.2,17.9,32.6,31.8,20.71,23.29,Normal
2026-06-13T11:47:00,PCI_12,FDD,2,36946703.0,19585548.0,803,14,837,6,18.8,10.5,34.1,28.5,20.36,22.16,Normal
2026-06-13T11:48:00,PCI_12,FDD,3,37667385.0,18334404.0,760,7,809,0,16.5,15.2,43.0,33.8,20.89,22.61,Normal
2026-06-13T11:49:00,PCI_12,FDD,3,43519628.0,15839871.0,908,10,728,7,18.6,15.0,37.0,27.0,23.24,20.88,Normal
2026-06-13T11:50:00,PCI_12,FDD,3,36185014.0,19574815.0,880,23,805,12,24.2,17.0,36.5,33.4,19.98,19.11,Normal
2026-06-13T11:51:00,PCI_12,FDD,3,41546239.0,18718648.0,858,18,800,7,16.7,18.3,37.9,21.8,21.37,20.33,Normal
2026-06-13T11:52:00,PCI_12,FDD,3,42773374.0,19821198.0,878,13,737,7,18.0,15.9,24.5,27.7,22.11,19.44,Normal
2026-06-13T11:53:00,PCI_12,FDD,3,40575980.0,16370619.0,766,10,793,15,19.6,13.1,32.7,30.9,22.36,21.08,Normal
2026-06-13T11:54:00,PCI_12,FDD,2,38372362.0,20074630.0,886,8,747,0,16.8,15.0,28.7,30.4,21.89,15.48,Normal
2026-06-13T11:55:00,PCI_12,FDD,3,33316123.0,20193094.0,779,12,747,9,18.2,15.5,26.1,22.1,20.83,19.98,Normal
2026-06-13T11:56:00,PCI_12,FDD,3,40992380.0,18235108.0,793,11,766,9,21.8,14.7,33.3,31.6,21.95,19.0,Normal
2026-06-13T11:57:00,PCI_12,FDD,2,35219212.0,16202436.0,753,8,713,10,19.2,14.2,32.3,20.1,21.01,20.8,Normal
2026-06-13T11:58:00,PCI_12,FDD,3,34113708.0,21469109.0,761,6,781,15,19.0,15.9,22.5,19.2,22.26,19.28,Normal
2026-06-13T11:59:00,PCI_12,FDD,2,37910666.0,19079330.0,882,13,800,8,17.8,18.1,28.5,43.3,22.75,20.76,Normal
2026-06-13T12:00:00,PCI_12,FDD,0,599113.0,250930.0,2,0,2,0,3.6,4.0,0.7,1.0,1.42,3.7,OUTAGE
2026-06-13T12:01:00,PCI_12,FDD,0,603195.0,277249.0,0,2,1,0,3.7,4.1,1.3,0.3,3.61,0.86,OUTAGE
2026-06-13T12:02:00,PCI_12,FDD,0,439382.0,230894.0,1,1,2,0,5.0,4.1,0.9,1.3,2.76,4.32,OUTAGE
2026-06-13T12:03:00,PCI_12,FDD,0,484776.0,258929.0,1,1,1,0,4.0,2.7,0.2,0.5,4.57,3.38,OUTAGE
2026-06-13T12:04:00,PCI_12,FDD,0,508852.0,257040.0,1,1,0,0,5.6,4.0,0.6,1.3,2.26,1.82,OUTAGE
2026-06-13T12:05:00,PCI_12,FDD,0,583830.0,264347.0,0,1,1,1,4.8,3.4,1.0,0.7,1.1,3.34,OUTAGE
2026-06-13T12:06:00,PCI_12,FDD,0,497520.0,276946.0,3,1,0,3,3.6,2.4,0.1,1.7,3.97,5.42,OUTAGE
2026-06-13T12:07:00,PCI_12,FDD,0,543088.0,273832.0,1,1,0,1,3.4,2.1,1.5,1.0,5.02,3.05,OUTAGE
2026-06-13T12:08:00,PCI_12,FDD,0,422208.0,283296.0,1,0,0,0,5.4,2.6,1.7,1.0,4.43,3.26,OUTAGE
2026-06-13T12:09:00,PCI_12,FDD,0,420902.0,250191.0,0,0,1,1,4.5,3.6,0.0,0.3,4.97,1.95,OUTAGE
2026-06-13T12:10:00,PCI_12,FDD,0,535917.0,248288.0,0,0,2,0,3.3,2.8,0.5,0.4,2.95,2.11,OUTAGE
2026-06-13T12:11:00,PCI_12,FDD,0,456966.0,265383.0,2,1,1,1,4.7,3.9,1.5,0.9,4.39,3.23,OUTAGE
2026-06-13T12:12:00,PCI_12,FDD,0,420625.0,234848.0,0,1,3,0,2.3,3.9,0.6,1.6,2.72,2.37,OUTAGE
2026-06-13T12:13:00,PCI_12,FDD,0,558487.0,268494.0,2,1,1,0,2.7,3.4,1.3,1.5,2.06,2.09,OUTAGE
2026-06-13T12:14:00,PCI_12,FDD,0,476156.0,280975.0,1,1,0,0,2.3,1.9,1.4,1.0,2.68,2.25,OUTAGE
2026-06-13T12:15:00,PCI_12,FDD,0,463400.0,248744.0,2,2,0,1,5.2,2.9,0.9,0.8,2.74,3.85,OUTAGE
2026-06-13T12:16:00,PCI_12,FDD,0,430863.0,248241.0,2,2,1,0,3.9,5.7,1.4,0.6,3.59,2.26,OUTAGE
2026-06-13T12:17:00,PCI_12,FDD,0,445372.0,258347.0,3,1,1,1,3.0,2.5,0.4,0.4,3.4,1.88,OUTAGE
2026-06-13T12:18:00,PCI_12,FDD,0,439225.0,221730.0,0,0,1,0,2.6,4.8,0.7,1.2,3.64,3.66,OUTAGE
2026-06-13T12:19:00,PCI_12,FDD,0,487795.0,243673.0,1,1,1,1,3.7,1.9,1.3,1.0,3.89,3.79,OUTAGE
2026-06-13T12:20:00,PCI_12,FDD,2,28064889.0,15729148.0,730,15,718,12,18.8,16.4,37.3,29.8,22.14,22.96,Normal
2026-06-13T12:21:00,PCI_12,FDD,3,33587431.0,15460009.0,815,17,700,13,14.1,15.9,31.0,23.7,26.77,19.87,Normal
2026-06-13T12:22:00,PCI_12,FDD,2,35110776.0,12483448.0,739,16,674,4,20.6,18.7,33.7,24.9,21.52,18.39,Normal
2026-06-13T12:23:00,PCI_12,FDD,2,29629421.0,15880616.0,722,3,705,8,21.4,14.7,32.5,28.7,21.49,21.49,Normal
2026-06-13T12:24:00,PCI_12,FDD,3,36357814.0,16721280.0,753,4,662,5,15.8,16.9,36.8,22.5,22.57,17.93,Normal
2026-06-13T12:25:00,PCI_12,FDD,2,31137092.0,18799109.0,734,16,681,5,15.5,16.5,35.2,28.3,26.48,22.86,Normal
2026-06-13T12:26:00,PCI_12,FDD,2,32865321.0,18401971.0,723,17,703,8,19.4,19.4,31.5,26.2,25.02,21.94,Normal
2026-06-13T12:27:00,PCI_12,FDD,2,34346856.0,17648914.0,780,4,624,4,16.1,14.7,33.7,25.8,22.39,17.55,Normal
2026-06-13T12:28:00,PCI_12,FDD,2,37121434.0,18579954.0,723,12,771,7,16.6,15.7,30.8,25.8,21.94,17.11,Normal
2026-06-13T12:29:00,PCI_12,FDD,2,33301459.0,16610898.0,728,10,683,11,17.8,16.8,27.6,29.3,22.75,21.73,Normal
2026-06-13T12:30:00,PCI_12,FDD,3,36853581.0,16708908.0,765,16,652,5,18.4,16.8,26.0,26.0,21.81,15.57,Normal
2026-06-13T12:31:00,PCI_12,FDD,2,32983869.0,16484497.0,821,5,642,0,17.0,15.2,27.5,31.8,23.72,20.16,Normal
2026-06-13T12:32:00,PCI_12,FDD,2,38760762.0,16765512.0,706,2,654,10,22.6,16.1,26.1,20.2,23.1,16.47,Normal
2026-06-13T12:33:00,PCI_12,FDD,3,37576536.0,17834688.0,733,13,676,4,21.7,15.3,33.6,14.0,24.55,22.94,Normal
2026-06-13T12:34:00,PCI_12,FDD,2,36138818.0,18068770.0,708,13,634,4,20.3,17.9,26.1,22.3,20.71,21.47,Normal
2026-06-13T12:35:00,PCI_12,FDD,2,34984343.0,18467507.0,733,16,651,6,16.0,18.0,25.7,27.6,21.86,17.89,Normal
