Timestamp,Cell_ID,gNB_ID,Channel_Type,Cell_Availability_%,RRC_Connection_Attempts,RRC_Connection_Rejects,RRC_Success_Rate_%,Avg_RRC_Connected_Users,Peak_RRC_Connected_Users,Registration_Success_Rate_%,PDU_Session_Success_Rate_%,RRC_Drop_Rate_%,Handover_Attempts,Handover_Success_Rate_%,Xn_HO_Prep_Success_Rate_%,Xn_HO_Exec_Success_Rate_%,NG_HO_Prep_Success_Rate_%,NG_HO_Exec_Success_Rate_%,PRB_Utilization_DL_%,PRB_Utilization_UL_%,DL_Throughput_Mbps,UL_Throughput_Mbps,Total_Traffic_GB,RACH_Success_Rate_%,Latency_ms
2026-08-21T22:25:00,PCI_1,gNB-1,TDD,99.894,295,1,99.899,56.6,72.6,99.656,99.323,0.124,32,98.513,98.814,98.837,98.304,98.088,40.38,32.47,275.91,93.96,10.34613,99.082,6.91
2026-08-21T22:25:00,PCI_2,gNB-1,TDD,99.908,324,0,99.922,54.0,70.9,99.631,99.356,0.161,33,98.537,98.889,98.716,98.318,98.065,39.92,31.79,272.96,96.22,10.24343,99.154,7.39
2026-08-21T22:25:00,PCI_3,gNB-2,TDD,99.901,316,0,99.914,54.4,71.6,99.568,99.286,0.154,31,98.568,99.049,98.713,98.497,97.832,40.06,32.11,273.0,95.23,10.23415,99.116,7.76
2026-08-21T22:25:00,PCI_4,gNB-2,TDD,99.874,255,0,99.843,55.3,73.9,99.579,99.308,0.167,31,98.481,98.963,98.769,98.446,97.934,40.4,31.83,276.76,95.71,10.37487,99.062,7.36
2026-08-21T22:30:00,PCI_1,gNB-1,TDD,99.898,313,0,99.879,52.8,70.6,99.55,99.32,0.159,29,98.567,98.809,98.762,98.53,97.964,39.98,32.18,274.68,96.58,10.30788,99.007,7.64
2026-08-21T22:30:00,PCI_2,gNB-1,TDD,99.888,325,0,99.828,56.1,73.3,99.68,99.288,0.159,18,98.524,98.798,98.818,98.422,98.136,40.05,32.59,277.66,95.14,10.4206,99.136,6.98
2026-08-21T22:30:00,PCI_3,gNB-2,TDD,99.896,298,0,99.826,57.3,77.3,99.746,99.321,0.122,25,98.564,98.801,98.587,98.427,97.919,39.9,31.71,282.66,94.9,10.5956,99.039,7.38
2026-08-21T22:30:00,PCI_4,gNB-2,TDD,99.899,326,1,99.988,54.7,70.9,99.552,99.264,0.117,33,98.451,99.113,98.718,98.484,97.91,40.3,32.1,277.85,97.16,10.42869,99.138,7.19
2026-08-21T22:35:00,PCI_1,gNB-1,TDD,99.903,339,0,99.979,56.9,76.6,99.611,99.279,0.125,32,98.372,99.011,98.843,98.554,98.018,40.11,32.57,281.07,97.14,10.52788,98.963,7.36
2026-08-21T22:35:00,PCI_2,gNB-1,TDD,99.913,300,0,99.88,57.0,76.8,99.605,99.332,0.128,26,98.411,98.695,98.795,98.316,97.878,40.35,32.16,286.49,98.9,10.73459,99.067,7.94
2026-08-21T22:35:00,PCI_3,gNB-2,TDD,99.927,342,0,99.892,56.8,74.4,99.546,99.305,0.17,34,98.554,98.923,99.052,98.588,97.915,40.45,32.11,284.28,95.85,10.65763,98.954,7.4
2026-08-21T22:35:00,PCI_4,gNB-2,TDD,99.879,287,1,99.874,56.1,70.5,99.527,99.406,0.107,20,98.484,98.771,98.69,98.584,98.291,41.04,31.98,279.76,97.49,10.47928,99.063,7.3
2026-08-21T22:40:00,PCI_1,gNB-1,TDD,99.897,252,0,99.831,57.4,73.7,99.624,99.351,0.159,27,98.462,98.916,98.835,98.405,98.0,40.16,32.4,285.81,99.99,10.71066,99.132,7.73
2026-08-21T22:40:00,PCI_2,gNB-1,TDD,99.905,259,1,99.924,57.9,72.6,99.576,99.313,0.128,29,98.619,98.905,98.771,98.39,97.975,41.44,32.72,284.5,100.36,10.67028,99.247,7.27
2026-08-21T22:40:00,PCI_3,gNB-2,TDD,99.935,286,0,99.823,56.8,72.7,99.583,99.365,0.115,26,98.533,98.958,98.973,98.518,98.044,40.74,32.67,277.09,98.03,10.40831,99.144,7.39
2026-08-21T22:40:00,PCI_4,gNB-2,TDD,99.896,259,2,99.959,58.4,71.6,99.597,99.241,0.126,28,98.578,98.848,98.951,98.464,97.93,40.69,32.17,287.27,97.97,10.76249,99.103,7.8
2026-08-21T22:45:00,PCI_1,gNB-1,TDD,99.901,299,0,99.921,56.4,76.7,99.521,99.374,0.104,26,98.53,98.937,98.885,98.343,98.081,41.02,33.27,284.37,98.67,10.67456,99.123,7.68
2026-08-21T22:45:00,PCI_2,gNB-1,TDD,99.879,322,0,99.894,56.0,75.9,99.642,99.301,0.158,20,98.6,99.033,98.886,98.484,98.055,40.44,32.62,288.73,99.61,10.85065,99.079,7.45
2026-08-21T22:45:00,PCI_3,gNB-2,TDD,99.868,280,1,99.86,58.2,72.7,99.484,99.303,0.118,18,98.375,98.853,98.846,98.47,98.014,40.64,32.75,282.01,100.95,10.58298,99.123,7.89
2026-08-21T22:45:00,PCI_4,gNB-2,TDD,99.895,255,0,99.894,55.0,72.6,99.483,99.266,0.142,20,98.552,98.975,98.772,98.42,98.109,40.78,32.79,289.61,98.64,10.87365,99.093,7.75
2026-08-21T22:50:00,PCI_1,gNB-1,TDD,99.916,311,0,99.986,56.2,77.2,99.593,99.208,0.132,30,98.464,98.993,98.739,98.347,97.893,40.66,32.57,295.29,100.5,11.06683,99.143,7.06
2026-08-21T22:50:00,PCI_2,gNB-1,TDD,99.893,264,0,99.956,58.9,80.2,99.704,99.303,0.12,20,98.607,98.916,98.908,98.315,98.033,41.26,33.53,290.67,100.74,10.89987,99.131,7.4
2026-08-21T22:50:00,PCI_3,gNB-2,TDD,99.922,306,0,99.852,57.7,76.7,99.631,99.283,0.144,23,98.694,99.006,98.686,98.401,98.26,40.05,32.31,288.73,98.82,10.82961,99.243,7.36
2026-08-21T22:50:00,PCI_4,gNB-2,TDD,99.913,255,0,99.954,59.2,75.7,99.647,99.208,0.159,31,98.415,98.866,98.601,98.25,98.136,41.05,32.78,291.51,100.99,10.94058,99.028,7.27
2026-08-21T22:55:00,PCI_1,gNB-1,TDD,99.869,314,0,99.885,60.5,77.7,99.633,99.266,0.139,33,98.547,98.99,98.963,98.303,97.911,41.02,34.25,289.9,98.51,10.88461,99.081,7.63
2026-08-21T22:55:00,PCI_2,gNB-1,TDD,99.881,254,0,99.878,60.2,76.0,99.657,99.18,0.181,33,98.464,98.821,98.631,98.317,98.025,42.02,33.1,298.62,101.03,11.19646,99.075,7.58
2026-08-21T22:55:00,PCI_3,gNB-2,TDD,99.906,300,0,100.0,57.4,75.0,99.538,99.256,0.158,24,98.556,98.893,98.833,98.405,97.923,40.79,33.39,293.93,101.67,11.03138,99.174,7.7
2026-08-21T22:55:00,PCI_4,gNB-2,TDD,99.882,348,1,99.909,61.4,76.5,99.618,99.18,0.149,30,98.526,98.784,98.771,98.293,98.071,41.57,33.13,293.93,100.82,11.04235,98.982,7.07
2026-08-21T23:00:00,PCI_1,gNB-1,TDD,99.874,298,1,99.879,60.0,74.2,99.626,99.271,0.186,34,98.335,99.027,98.737,98.336,98.054,42.31,32.59,295.04,102.75,11.07163,99.145,7.57
2026-08-21T23:00:00,PCI_2,gNB-1,TDD,99.874,254,0,99.936,62.4,76.9,99.602,99.313,0.159,24,98.419,98.838,98.847,98.347,97.959,40.99,33.32,292.5,103.06,10.98238,98.996,7.07
2026-08-21T23:00:00,PCI_3,gNB-2,TDD,99.896,258,1,99.844,56.5,79.2,99.703,99.309,0.144,29,98.471,98.866,98.786,98.462,97.827,42.78,33.0,290.31,104.13,10.88827,99.061,6.92
2026-08-21T23:00:00,PCI_4,gNB-2,TDD,99.904,292,0,99.961,59.5,76.0,99.583,99.296,0.156,25,98.413,98.729,98.638,98.448,97.948,42.34,32.65,303.1,102.34,11.3406,99.178,7.68
2026-08-21T23:05:00,PCI_1,gNB-1,TDD,99.908,293,1,99.892,62.6,77.4,99.578,99.276,0.198,28,98.542,98.979,98.95,98.354,97.958,41.05,33.79,301.47,102.84,11.30827,99.075,7.6
2026-08-21T23:05:00,PCI_2,gNB-1,TDD,99.896,255,0,99.956,60.0,80.6,99.551,99.254,0.131,18,98.408,98.956,98.778,98.465,97.999,41.3,32.98,303.51,101.3,11.38864,98.996,6.8
2026-08-21T23:05:00,PCI_3,gNB-2,TDD,99.898,274,0,99.956,58.3,81.4,99.614,99.338,0.143,28,98.398,98.786,98.688,98.445,98.006,41.1,32.59,300.62,103.34,11.27874,99.081,7.71
2026-08-21T23:05:00,PCI_4,gNB-2,TDD,99.924,334,0,99.849,62.0,82.1,99.626,99.281,0.105,29,98.6,98.811,98.801,98.37,97.898,42.1,33.77,301.49,103.71,11.32636,99.279,7.01
2026-08-21T23:10:00,PCI_1,gNB-1,TDD,99.915,252,0,99.932,60.9,78.1,99.536,99.384,0.175,32,98.564,99.073,98.936,98.426,98.135,42.34,33.85,307.11,103.65,11.51675,99.12,7.63
2026-08-21T23:10:00,PCI_2,gNB-1,TDD,99.918,339,0,99.901,60.3,77.0,99.592,99.263,0.148,27,98.68,98.775,98.851,98.439,97.821,41.94,32.88,300.42,104.96,11.26452,99.2,7.48
2026-08-21T23:10:00,PCI_3,gNB-2,TDD,99.926,325,0,99.955,60.1,79.6,99.59,99.271,0.157,22,98.538,98.925,98.75,98.337,98.031,41.93,33.11,306.88,105.59,11.50398,99.124,7.17
2026-08-21T23:10:00,PCI_4,gNB-2,TDD,99.901,301,1,99.902,55.4,80.0,99.678,99.244,0.108,25,98.314,98.862,98.725,98.311,97.967,41.67,34.25,304.52,103.43,11.43377,99.284,7.15
2026-08-21T23:15:00,PCI_1,gNB-1,TDD,99.964,290,1,99.943,60.6,78.9,99.645,99.302,0.153,24,98.537,98.928,98.801,98.434,98.042,42.13,34.57,305.69,107.47,11.44401,99.167,7.47
2026-08-21T23:15:00,PCI_2,gNB-1,TDD,99.892,275,0,99.871,59.3,81.3,99.603,99.205,0.167,25,98.366,98.704,98.799,98.378,97.99,42.08,33.73,303.75,104.12,11.39035,99.123,7.29
2026-08-21T23:15:00,PCI_3,gNB-2,TDD,99.85,311,0,99.815,60.5,80.0,99.584,99.352,0.175,30,98.457,98.832,98.714,98.448,97.846,41.53,33.14,309.54,104.45,11.61165,99.11,7.59
2026-08-21T23:15:00,PCI_4,gNB-2,TDD,99.878,291,1,99.862,60.1,81.9,99.658,99.372,0.124,29,98.507,98.953,98.936,98.212,97.968,41.8,34.72,306.25,107.15,11.4757,99.112,7.43
2026-08-21T23:20:00,PCI_1,gNB-1,TDD,99.9,298,2,99.922,62.5,81.8,99.542,99.296,0.145,19,98.508,98.994,98.887,98.421,98.089,43.25,33.76,307.92,106.38,11.55191,99.22,7.62
2026-08-21T23:20:00,PCI_2,gNB-1,TDD,99.909,284,0,99.924,64.7,79.6,99.712,99.3,0.077,29,98.328,98.941,98.962,98.413,97.9,42.48,32.38,310.5,106.19,11.64265,99.096,7.61
2026-08-21T23:20:00,PCI_3,gNB-2,TDD,99.904,281,0,99.931,64.1,79.8,99.529,99.322,0.144,29,98.489,98.946,98.647,98.423,98.074,41.94,34.31,305.54,106.29,11.46149,99.163,7.51
2026-08-21T23:20:00,PCI_4,gNB-2,TDD,99.926,306,1,99.895,62.2,80.8,99.641,99.297,0.18,33,98.679,98.827,98.759,98.463,98.0,42.16,33.61,305.42,106.87,11.45665,99.167,7.76
2026-08-21T23:25:00,PCI_1,gNB-1,TDD,99.879,262,0,99.849,61.8,82.5,99.617,99.316,0.14,20,98.334,98.941,98.862,98.189,97.964,42.69,33.38,311.38,108.26,11.65495,99.104,7.93
2026-08-21T23:25:00,PCI_2,gNB-1,TDD,99.9,294,1,99.949,63.9,79.3,99.649,99.335,0.16,24,98.447,98.91,98.724,98.314,97.946,43.09,34.1,312.49,108.55,11.7238,99.004,7.35
2026-08-21T23:25:00,PCI_3,gNB-2,TDD,99.903,275,0,99.921,62.2,84.2,99.577,99.357,0.122,23,98.647,98.836,98.794,98.293,98.046,42.4,34.05,313.81,106.26,11.78233,99.092,8.23
2026-08-21T23:25:00,PCI_4,gNB-2,TDD,99.956,348,0,99.871,62.2,82.1,99.603,99.306,0.155,22,98.632,98.859,98.66,98.246,98.065,42.39,33.2,311.91,106.39,11.69386,99.04,7.23
2026-08-21T23:30:00,PCI_1,gNB-1,TDD,99.919,296,1,99.962,64.3,82.9,99.545,99.335,0.182,23,98.549,98.764,98.721,98.53,98.084,42.78,33.82,315.32,109.23,11.83937,99.073,7.87
2026-08-21T23:30:00,PCI_2,gNB-1,TDD,99.88,250,0,99.923,62.6,81.5,99.586,99.389,0.143,21,98.535,98.89,98.776,98.19,97.911,42.74,34.19,311.84,108.19,11.69137,99.031,7.84
2026-08-21T23:30:00,PCI_3,gNB-2,TDD,99.934,271,0,99.784,63.1,83.3,99.624,99.281,0.148,24,98.5,99.002,98.903,98.418,98.096,43.33,34.18,319.44,108.27,11.98173,99.044,7.51
2026-08-21T23:30:00,PCI_4,gNB-2,TDD,99.893,323,0,99.887,61.3,86.8,99.69,99.279,0.122,22,98.381,98.864,98.685,98.209,97.988,42.69,34.89,317.39,108.54,11.89215,99.092,6.76
2026-08-21T23:35:00,PCI_1,gNB-1,TDD,99.884,250,0,99.932,63.0,83.3,99.631,99.293,0.124,24,98.585,99.053,98.901,98.374,98.075,42.94,34.48,313.22,108.58,11.76509,99.296,7.63
2026-08-21T23:35:00,PCI_2,gNB-1,TDD,99.898,282,0,99.867,61.8,87.1,99.615,99.344,0.14,21,98.542,98.851,98.781,98.329,97.735,43.61,33.77,314.33,108.41,11.77359,98.919,7.1
2026-08-21T23:35:00,PCI_3,gNB-2,TDD,99.882,282,0,99.926,64.7,83.7,99.573,99.244,0.158,19,98.578,98.782,98.809,98.433,97.921,43.53,34.27,311.27,108.14,11.67289,99.157,7.89
2026-08-21T23:35:00,PCI_4,gNB-2,TDD,99.901,343,0,99.879,60.5,84.5,99.676,99.26,0.139,31,98.604,98.93,98.727,98.337,98.077,43.51,33.79,319.87,110.89,11.99474,99.274,8.01
2026-08-21T23:40:00,PCI_1,gNB-1,TDD,99.883,309,1,99.933,67.2,86.1,99.581,99.319,0.149,21,98.488,98.838,98.802,98.34,98.162,43.09,34.83,319.21,111.22,11.97401,99.078,7.37
2026-08-21T23:40:00,PCI_2,gNB-1,TDD,99.9,306,0,100.0,63.3,82.4,99.494,99.313,0.155,32,98.367,98.985,98.642,98.334,97.884,42.04,34.83,324.24,108.05,12.14935,99.105,7.52
2026-08-21T23:40:00,PCI_3,gNB-2,TDD,99.844,261,1,99.883,62.8,84.0,99.628,99.392,0.13,20,98.623,98.88,98.838,98.251,98.119,43.42,34.31,314.4,110.83,11.78239,99.044,6.76
2026-08-21T23:40:00,PCI_4,gNB-2,TDD,99.915,259,1,99.806,64.7,84.0,99.693,99.323,0.118,21,98.488,98.966,99.071,98.379,97.92,43.16,34.92,320.59,108.66,12.0264,99.144,7.59
2026-08-21T23:45:00,PCI_1,gNB-1,TDD,99.895,333,0,99.928,68.5,84.7,99.581,99.275,0.168,30,98.489,98.859,98.775,98.362,98.092,44.37,34.73,321.63,110.04,12.04379,99.186,7.28
2026-08-21T23:45:00,PCI_2,gNB-1,TDD,99.917,344,0,99.92,65.4,84.9,99.609,99.315,0.169,24,98.349,99.047,98.923,98.113,97.968,42.65,35.24,322.07,111.45,12.07598,98.925,7.87
2026-08-21T23:45:00,PCI_3,gNB-2,TDD,99.889,270,2,99.923,65.8,83.4,99.629,99.23,0.137,32,98.648,99.018,98.768,98.38,97.951,42.67,34.74,323.49,112.32,12.12507,99.169,7.23
2026-08-21T23:45:00,PCI_4,gNB-2,TDD,99.925,259,2,99.968,66.6,85.7,99.601,99.289,0.195,19,98.343,98.879,98.839,98.54,98.018,43.21,34.83,323.98,111.72,12.14014,99.182,7.37
2026-08-21T23:50:00,PCI_1,gNB-1,TDD,99.905,293,0,99.896,62.6,86.6,99.567,99.318,0.133,33,98.336,98.761,98.944,98.386,98.029,43.75,34.57,328.43,112.54,12.33938,99.252,7.22
2026-08-21T23:50:00,PCI_2,gNB-1,TDD,99.898,313,2,100.0,65.8,86.2,99.564,99.257,0.142,31,98.647,98.946,98.899,98.404,97.871,43.22,34.96,324.75,111.3,12.16452,98.957,7.47
2026-08-21T23:50:00,PCI_3,gNB-2,TDD,99.942,265,2,99.827,66.0,85.4,99.606,99.316,0.146,31,98.484,98.978,98.719,98.488,97.863,43.94,34.7,320.37,112.0,12.01716,99.118,6.82
2026-08-21T23:50:00,PCI_4,gNB-2,TDD,99.877,294,0,99.936,63.9,87.0,99.617,99.289,0.128,21,98.532,98.95,98.589,98.396,98.2,43.07,34.17,323.82,111.87,12.14457,99.107,7.39
2026-08-21T23:55:00,PCI_1,gNB-1,TDD,99.894,349,0,99.803,65.1,84.5,99.579,99.354,0.136,28,98.631,99.02,98.783,98.187,98.062,42.54,33.99,329.68,113.57,12.36855,99.131,7.56
2026-08-21T23:55:00,PCI_2,gNB-1,TDD,99.976,281,0,99.887,65.4,87.6,99.588,99.211,0.116,20,98.407,98.82,98.855,98.44,97.843,38.6,30.71,330.0,111.51,12.36776,99.042,8.37
2026-08-21T23:55:00,PCI_3,gNB-2,TDD,99.892,317,0,99.907,63.7,83.6,99.542,99.308,0.166,23,98.485,98.973,98.641,98.403,97.978,43.22,34.46,326.94,111.3,12.26367,99.099,7.73
2026-08-21T23:55:00,PCI_4,gNB-2,TDD,99.897,258,0,99.928,62.4,80.2,99.647,99.251,0.157,31,98.619,98.854,98.661,98.259,97.983,43.55,35.34,323.67,111.42,12.13033,99.138,6.84
2026-08-22T00:00:00,PCI_1,gNB-1,TDD,99.925,268,1,99.829,67.1,85.8,99.589,99.281,0.149,20,98.613,98.929,98.775,98.396,98.008,43.81,35.74,331.65,113.75,12.43009,99.153,7.18
2026-08-22T00:00:00,PCI_2,gNB-1,TDD,99.725,335,3,99.51,69.2,86.2,98.054,97.856,0.919,28,97.66,97.0,97.015,96.498,96.195,48.35,41.77,283.57,93.58,10.64472,97.573,21.12
2026-08-22T00:00:00,PCI_3,gNB-2,TDD,99.87,300,1,99.903,65.7,84.0,99.575,99.364,0.102,29,98.565,98.954,98.761,98.376,97.843,43.58,34.21,333.22,113.44,12.49963,98.924,7.65
2026-08-22T00:00:00,PCI_4,gNB-2,TDD,99.886,337,0,99.911,64.7,85.2,99.52,99.307,0.186,28,98.619,98.945,98.777,98.238,98.099,44.88,34.4,332.55,113.56,12.47427,99.027,7.47
2026-08-22T00:05:00,PCI_1,gNB-1,TDD,99.889,289,1,99.912,65.4,82.8,99.531,99.273,0.137,32,98.564,98.775,98.841,98.353,98.237,43.32,34.8,331.61,112.65,12.418,99.12,7.87
2026-08-22T00:05:00,PCI_2,gNB-1,TDD,99.446,338,9,99.151,61.9,87.2,96.394,96.483,1.728,18,96.621,95.279,95.142,94.547,94.394,58.54,52.3,224.38,77.27,8.40087,96.505,33.79
2026-08-22T00:05:00,PCI_3,gNB-2,TDD,99.901,338,0,99.902,66.1,83.0,99.574,99.346,0.131,24,98.447,98.763,98.781,98.318,98.011,44.79,35.63,328.26,113.49,12.30586,99.248,7.53
2026-08-22T00:05:00,PCI_4,gNB-2,TDD,99.918,340,0,99.861,65.4,88.1,99.631,99.385,0.156,29,98.451,99.127,98.697,98.407,97.882,44.17,34.68,333.97,112.84,12.5161,99.037,7.33
2026-08-22T00:10:00,PCI_1,gNB-1,TDD,99.891,297,2,99.904,69.1,87.0,99.533,99.311,0.132,34,98.781,98.788,98.946,98.481,98.01,43.89,34.57,331.33,113.78,12.40051,99.002,7.75
2026-08-22T00:10:00,PCI_2,gNB-1,TDD,99.2,326,13,98.714,66.2,85.7,94.793,95.122,2.401,24,95.584,93.406,93.396,92.744,92.47,69.08,63.52,176.13,61.13,6.60078,95.059,46.65
2026-08-22T00:10:00,PCI_3,gNB-2,TDD,99.905,276,0,99.9,68.2,88.2,99.624,99.287,0.111,29,98.303,98.689,98.877,98.522,98.064,43.97,35.19,328.74,115.31,12.31895,99.167,7.79
2026-08-22T00:10:00,PCI_4,gNB-2,TDD,99.908,300,0,99.929,66.4,89.3,99.555,99.271,0.151,20,98.388,98.901,98.888,98.25,97.869,43.53,35.06,337.08,116.39,12.62012,99.103,7.72
2026-08-22T00:15:00,PCI_1,gNB-1,TDD,99.91,252,1,99.865,68.1,84.0,99.633,99.246,0.144,31,98.567,99.041,98.902,98.429,98.016,44.43,34.96,333.08,115.09,12.48841,99.168,7.57
2026-08-22T00:15:00,PCI_2,gNB-1,TDD,98.875,297,21,98.336,64.0,88.3,93.271,93.744,3.007,33,94.727,91.643,91.399,90.827,90.56,79.26,74.83,121.4,42.06,4.5545,93.544,59.03
2026-08-22T00:15:00,PCI_3,gNB-2,TDD,99.869,267,0,99.923,66.2,89.0,99.63,99.293,0.145,19,98.442,98.962,98.684,98.403,98.015,43.7,34.71,338.06,116.5,12.67255,99.144,6.85
2026-08-22T00:15:00,PCI_4,gNB-2,TDD,99.921,323,0,99.884,69.3,83.0,99.656,99.297,0.089,29,98.438,98.781,98.742,98.298,98.087,44.37,33.82,334.1,115.99,12.53607,98.928,7.86
2026-08-22T00:20:00,PCI_1,gNB-1,TDD,99.886,342,0,99.86,65.2,82.9,99.581,99.21,0.149,26,98.384,98.825,98.709,98.313,98.2,44.86,34.7,337.04,115.22,12.63956,99.125,7.98
2026-08-22T00:20:00,PCI_2,gNB-1,TDD,98.704,298,24,97.908,67.2,85.8,91.624,92.395,3.723,29,93.888,89.808,89.757,88.98,88.81,89.31,85.69,65.32,22.86,2.44643,92.36,72.62
2026-08-22T00:20:00,PCI_3,gNB-2,TDD,99.903,287,0,99.872,66.1,86.7,99.61,99.262,0.182,18,98.549,98.819,98.664,98.439,98.055,44.6,34.43,343.34,114.74,12.87757,99.197,7.57
2026-08-22T00:20:00,PCI_4,gNB-2,TDD,99.887,264,0,99.922,69.9,87.1,99.544,99.359,0.194,27,98.455,98.963,98.674,98.578,98.066,44.37,35.33,338.52,116.48,12.6944,99.259,7.34
2026-08-22T00:25:00,PCI_1,gNB-1,TDD,99.903,335,0,99.897,69.1,82.5,99.61,99.276,0.15,30,98.421,99.031,98.751,98.466,97.96,44.0,35.76,340.43,116.62,12.76726,99.174,7.64
2026-08-22T00:25:00,PCI_2,gNB-1,TDD,98.462,335,30,97.431,69.0,87.9,89.944,91.038,4.533,19,93.192,87.878,88.116,87.286,87.037,99.2,97.09,14.07,6.0,0.53346,90.951,85.46
2026-08-22T00:25:00,PCI_3,gNB-2,TDD,99.894,311,0,99.891,69.1,87.3,99.583,99.23,0.155,25,98.538,98.702,98.774,98.406,97.871,43.78,34.74,334.52,116.05,12.54416,99.105,8.02
2026-08-22T00:25:00,PCI_4,gNB-2,TDD,99.916,303,0,99.895,68.9,88.0,99.631,99.307,0.153,31,98.602,98.982,98.809,98.478,98.087,44.53,35.66,333.48,115.74,12.49745,98.919,7.15
2026-08-22T00:30:00,PCI_1,gNB-1,TDD,99.928,259,0,99.848,69.1,89.0,99.646,99.31,0.144,23,98.449,98.949,98.774,98.406,98.011,43.58,35.19,346.16,117.43,12.98315,99.177,7.73
2026-08-22T00:30:00,PCI_2,gNB-1,TDD,98.707,332,25,97.921,73.0,87.3,91.616,92.343,3.793,26,94.137,89.782,89.825,88.985,88.865,89.01,86.02,70.53,23.74,2.65747,92.341,72.15
2026-08-22T00:30:00,PCI_3,gNB-2,TDD,99.893,275,1,99.906,66.6,85.9,99.611,99.33,0.131,23,98.594,98.933,98.719,98.468,97.926,44.63,35.19,340.53,119.88,12.76466,99.006,7.29
2026-08-22T00:30:00,PCI_4,gNB-2,TDD,99.888,295,0,99.857,65.9,88.7,99.603,99.324,0.116,29,98.426,98.951,98.86,98.363,98.212,44.74,36.17,345.43,117.81,12.95597,98.914,8.34
2026-08-22T00:35:00,PCI_1,gNB-1,TDD,99.915,286,0,99.853,68.9,84.6,99.591,99.301,0.19,25,98.555,98.878,98.719,98.346,97.982,44.54,35.56,339.97,115.92,12.74978,99.16,7.36
2026-08-22T00:35:00,PCI_2,gNB-1,TDD,99.016,259,19,98.365,68.6,88.4,93.195,93.734,3.045,18,94.912,91.485,91.609,90.723,90.675,78.86,75.13,126.49,42.26,4.73543,93.59,59.64
2026-08-22T00:35:00,PCI_3,gNB-2,TDD,99.874,270,0,99.979,68.5,88.2,99.555,99.285,0.16,23,98.392,99.023,98.719,98.261,98.094,44.82,36.72,343.68,117.81,12.89292,99.038,7.58
2026-08-22T00:35:00,PCI_4,gNB-2,TDD,99.852,282,0,99.952,69.1,90.5,99.628,99.181,0.148,19,98.568,98.822,98.814,98.381,98.048,44.5,36.21,338.23,116.91,12.69152,99.161,7.19
2026-08-22T00:40:00,PCI_1,gNB-1,TDD,99.903,270,2,99.747,67.8,84.7,99.662,99.301,0.163,23,98.591,99.01,98.828,98.446,98.036,44.39,35.9,343.65,116.25,12.89385,99.328,7.17
2026-08-22T00:40:00,PCI_2,gNB-1,TDD,99.246,333,14,98.829,68.2,87.7,94.755,95.012,2.329,30,95.866,93.407,93.437,92.651,92.694,68.88,64.34,181.59,59.97,6.80976,95.179,47.1
2026-08-22T00:40:00,PCI_3,gNB-2,TDD,99.894,286,0,99.92,69.7,91.2,99.657,99.301,0.16,19,98.537,98.662,98.852,98.178,98.147,44.76,36.38,345.08,118.92,12.94219,99.2,7.52
2026-08-22T00:40:00,PCI_4,gNB-2,TDD,99.917,257,1,99.952,68.5,84.6,99.591,99.341,0.152,19,98.777,98.803,98.782,98.331,98.15,44.75,35.68,341.58,116.54,12.81674,99.165,7.35
2026-08-22T00:45:00,PCI_1,gNB-1,TDD,99.924,318,0,99.979,68.4,89.9,99.727,99.374,0.153,27,98.532,99.012,98.761,98.312,98.079,44.8,35.17,347.34,118.46,13.01424,99.076,6.84
2026-08-22T00:45:00,PCI_2,gNB-1,TDD,99.429,321,8,99.086,68.1,90.3,96.369,96.453,1.598,33,96.671,95.334,95.312,94.596,94.137,58.39,52.27,235.09,82.25,8.82293,96.234,33.92
2026-08-22T00:45:00,PCI_3,gNB-2,TDD,99.891,314,0,99.949,67.4,85.6,99.615,99.282,0.137,21,98.559,98.663,98.746,98.31,98.158,44.12,35.54,346.4,117.6,12.97297,98.956,7.45
2026-08-22T00:45:00,PCI_4,gNB-2,TDD,99.894,255,0,99.977,71.4,93.2,99.571,99.299,0.103,23,98.314,99.082,98.648,98.503,97.898,44.33,35.44,348.81,119.85,13.0814,99.076,7.68
2026-08-22T00:50:00,PCI_1,gNB-1,TDD,99.881,331,3,99.937,68.6,88.3,99.638,99.341,0.151,30,98.557,98.846,98.76,98.454,97.917,44.91,36.31,343.65,117.86,12.88277,99.109,7.46
2026-08-22T00:50:00,PCI_2,gNB-1,TDD,99.607,271,4,99.465,72.0,90.5,98.001,97.894,0.851,34,97.568,97.04,97.033,96.558,96.076,47.7,41.43,293.27,99.26,10.99799,97.547,20.2
2026-08-22T00:50:00,PCI_3,gNB-2,TDD,99.898,300,1,99.894,72.1,89.2,99.641,99.265,0.154,23,98.496,98.977,98.724,98.509,98.221,44.63,36.72,347.16,119.61,13.01728,98.881,7.24
2026-08-22T00:50:00,PCI_4,gNB-2,TDD,99.918,301,1,99.976,68.7,88.0,99.685,99.311,0.16,22,98.622,98.98,98.812,98.341,98.001,45.05,35.94,344.88,120.07,12.94736,99.156,7.8
2026-08-22T00:55:00,PCI_1,gNB-1,TDD,99.899,283,0,99.881,71.8,90.5,99.612,99.307,0.188,32,98.568,98.883,98.905,98.313,97.838,45.72,35.76,342.31,118.93,12.84277,99.163,6.96
2026-08-22T00:55:00,PCI_2,gNB-1,TDD,100.0,316,0,99.813,69.3,88.5,99.496,99.319,0.176,31,98.469,98.862,98.59,98.484,98.144,37.9,31.24,348.4,119.56,13.0799,99.136,7.98
2026-08-22T00:55:00,PCI_3,gNB-2,TDD,99.864,274,1,99.923,72.4,89.8,99.596,99.319,0.154,29,98.544,98.818,98.704,98.527,98.137,45.67,36.43,347.58,120.48,13.02434,99.197,7.22
2026-08-22T00:55:00,PCI_4,gNB-2,TDD,99.912,349,0,99.858,70.9,86.2,99.559,99.362,0.178,19,98.531,98.929,98.609,98.504,97.946,45.06,36.36,347.18,119.49,13.03336,99.091,7.52
2026-08-22T01:00:00,PCI_1,gNB-1,TDD,99.867,294,0,99.941,65.9,88.2,99.6,99.347,0.167,27,98.367,98.823,98.966,98.332,97.932,44.43,35.41,348.84,120.59,13.09687,99.121,7.44
2026-08-22T01:00:00,PCI_2,gNB-1,TDD,99.88,337,1,99.897,72.1,88.9,99.589,99.333,0.149,19,98.509,98.841,98.859,98.391,97.903,45.56,36.64,346.57,119.25,12.98681,99.245,7.25
2026-08-22T01:00:00,PCI_3,gNB-2,TDD,99.926,300,0,99.859,70.2,87.7,99.591,99.322,0.129,23,98.31,98.799,98.73,98.365,97.857,44.62,36.05,347.75,121.05,13.0364,99.112,8.22
2026-08-22T01:00:00,PCI_4,gNB-2,TDD,99.91,302,2,99.888,70.7,86.0,99.623,99.362,0.179,18,98.454,98.878,98.9,98.331,97.851,44.87,35.58,347.02,119.14,13.01466,98.924,7.71
2026-08-22T01:05:00,PCI_1,gNB-1,TDD,99.928,317,0,99.948,70.6,88.0,99.643,99.244,0.149,26,98.463,98.984,98.919,98.421,97.982,43.97,35.3,348.14,120.91,13.05925,98.814,7.19
2026-08-22T01:05:00,PCI_2,gNB-1,TDD,99.901,263,1,99.906,67.6,90.1,99.664,99.213,0.127,26,98.486,98.918,98.741,98.363,97.91,44.9,36.29,349.77,119.51,13.11468,99.284,7.48
2026-08-22T01:05:00,PCI_3,gNB-2,TDD,99.881,349,1,99.888,68.1,91.0,99.558,99.211,0.149,23,98.46,99.002,98.916,98.505,97.953,44.27,36.8,345.07,118.45,12.93846,99.175,7.36
2026-08-22T01:05:00,PCI_4,gNB-2,TDD,99.907,255,0,99.938,66.5,88.7,99.644,99.273,0.126,28,98.564,98.831,98.618,98.575,98.083,44.11,36.0,350.04,119.23,13.1342,99.197,7.82
2026-08-22T01:10:00,PCI_1,gNB-1,TDD,99.909,274,0,99.849,70.9,92.0,99.619,99.305,0.161,30,98.454,98.901,98.794,98.342,97.955,44.88,35.75,351.09,119.54,13.18067,99.089,8.29
2026-08-22T01:10:00,PCI_2,gNB-1,TDD,99.887,262,1,99.887,67.9,88.1,99.605,99.386,0.145,32,98.557,98.708,98.828,98.262,97.937,45.51,36.3,347.0,119.27,13.00886,99.058,7.67
2026-08-22T01:10:00,PCI_3,gNB-2,TDD,99.869,344,0,99.915,69.9,89.6,99.692,99.396,0.165,26,98.584,98.734,99.049,98.308,98.098,44.69,35.23,347.76,119.79,13.0507,99.0,7.73
2026-08-22T01:10:00,PCI_4,gNB-2,TDD,99.922,342,0,99.929,67.8,88.7,99.569,99.339,0.152,24,98.483,98.998,98.784,98.543,98.137,45.23,36.08,350.84,119.68,13.15893,99.018,7.86
2026-08-22T01:15:00,PCI_1,gNB-1,TDD,99.884,319,0,100.0,71.0,93.0,99.603,99.329,0.121,23,98.563,98.716,98.732,98.293,97.81,45.04,35.81,354.44,119.84,13.29267,98.876,7.23
2026-08-22T01:15:00,PCI_2,gNB-1,TDD,99.923,265,1,99.9,70.2,89.1,99.583,99.259,0.168,33,98.575,98.942,98.791,98.334,97.934,44.57,36.18,345.75,119.37,12.95352,99.198,7.59
2026-08-22T01:15:00,PCI_3,gNB-2,TDD,99.892,343,0,99.902,67.5,91.0,99.576,99.394,0.17,22,98.446,98.9,98.576,98.436,98.194,45.39,35.7,349.95,119.04,13.13888,99.283,7.08
2026-08-22T01:15:00,PCI_4,gNB-2,TDD,99.918,306,0,99.94,69.3,88.4,99.643,99.359,0.137,32,98.432,99.006,98.724,98.126,97.823,44.62,36.1,346.66,120.82,13.01397,99.06,7.12
2026-08-22T01:20:00,PCI_1,gNB-1,TDD,99.932,320,1,99.921,67.6,91.5,99.585,99.174,0.147,32,98.523,98.687,98.698,98.453,98.011,45.63,36.01,347.68,121.62,13.03984,99.295,7.41
2026-08-22T01:20:00,PCI_2,gNB-1,TDD,99.886,250,1,100.0,69.9,89.9,99.571,99.306,0.118,33,98.641,98.932,98.722,98.387,97.939,45.15,35.63,346.12,119.95,13.0025,99.091,7.51
2026-08-22T01:20:00,PCI_3,gNB-2,TDD,99.904,294,2,99.969,69.9,94.8,99.576,99.262,0.154,31,98.659,98.779,99.033,98.482,97.967,45.12,35.34,354.56,119.78,13.30849,99.169,7.37
2026-08-22T01:20:00,PCI_4,gNB-2,TDD,99.915,315,0,100.0,70.2,92.0,99.572,99.268,0.171,22,98.473,99.006,98.838,98.196,97.877,44.86,35.76,355.83,118.43,13.35864,99.14,6.91
2026-08-22T01:25:00,PCI_1,gNB-1,TDD,99.898,283,0,99.929,72.2,91.0,99.607,99.295,0.133,27,98.527,98.817,98.793,98.526,97.988,45.01,36.37,347.71,119.83,13.03023,99.051,7.09
2026-08-22T01:25:00,PCI_2,gNB-1,TDD,99.881,262,0,99.855,67.7,89.1,99.576,99.266,0.178,22,98.6,98.868,98.918,98.42,98.247,45.24,36.26,350.6,119.63,13.14921,99.071,7.77
2026-08-22T01:25:00,PCI_3,gNB-2,TDD,99.821,335,0,99.939,70.0,86.5,99.537,99.352,0.243,20,98.542,98.853,98.689,98.423,97.948,38.22,32.04,350.01,120.26,13.12067,99.174,7.58
2026-08-22T01:25:00,PCI_4,gNB-2,TDD,99.884,310,1,99.991,68.7,94.0,99.63,99.249,0.137,31,98.594,98.848,98.878,98.505,97.993,45.08,36.48,346.51,119.09,12.99457,99.176,7.87
2026-08-22T01:30:00,PCI_1,gNB-1,TDD,99.906,269,0,99.937,68.3,87.5,99.617,99.309,0.182,22,98.578,98.969,98.855,98.424,98.056,44.59,36.11,350.32,118.68,13.13657,99.141,7.86
2026-08-22T01:30:00,PCI_2,gNB-1,TDD,99.878,320,1,99.963,73.9,89.6,99.752,99.289,0.138,20,98.447,98.926,98.76,98.437,98.084,45.33,35.66,347.75,120.35,13.03949,99.278,7.52
2026-08-22T01:30:00,PCI_3,gNB-2,TDD,99.634,259,4,99.32,69.9,91.1,98.028,97.95,0.77,24,95.595,97.019,97.034,96.412,96.105,45.88,39.38,296.25,101.92,11.1002,97.631,15.77
2026-08-22T01:30:00,PCI_4,gNB-2,TDD,99.904,253,0,99.931,67.0,88.6,99.628,99.335,0.115,29,98.586,98.763,98.702,98.328,97.964,45.48,36.02,353.12,120.66,13.22838,98.958,7.73
2026-08-22T01:35:00,PCI_1,gNB-1,TDD,99.92,331,1,99.879,69.3,92.1,99.621,99.283,0.124,27,98.479,98.948,98.832,98.502,97.945,44.39,35.93,347.25,119.99,13.02229,99.094,7.82
2026-08-22T01:35:00,PCI_2,gNB-1,TDD,99.92,325,0,99.971,66.3,90.4,99.57,99.254,0.174,24,98.723,98.894,98.862,98.255,97.955,45.49,36.22,351.83,118.88,13.20872,98.992,7.1
2026-08-22T01:35:00,PCI_3,gNB-2,TDD,99.156,281,10,98.724,70.9,90.6,96.358,96.466,1.445,31,92.77,95.354,95.219,94.715,94.329,54.94,47.88,243.22,82.79,9.1067,96.497,24.04
2026-08-22T01:35:00,PCI_4,gNB-2,TDD,99.878,284,0,99.917,70.7,84.4,99.598,99.284,0.143,21,98.511,98.818,98.908,98.367,97.982,44.66,36.81,348.6,120.25,13.06873,98.908,7.24
2026-08-22T01:40:00,PCI_1,gNB-1,TDD,99.889,284,1,99.965,67.2,92.0,99.58,99.249,0.185,21,98.577,98.878,98.828,98.351,98.055,43.9,35.58,345.96,120.75,12.96767,99.162,7.38
2026-08-22T01:40:00,PCI_2,gNB-1,TDD,99.92,342,0,100.0,71.3,87.8,99.578,99.275,0.191,26,98.594,98.965,98.783,98.414,98.109,44.74,36.04,350.69,119.73,13.15951,99.084,7.67
2026-08-22T01:40:00,PCI_3,gNB-2,TDD,98.746,340,15,98.214,68.5,89.3,94.801,95.148,2.008,26,90.406,93.261,93.36,92.706,92.472,63.39,54.7,185.84,66.03,6.96653,95.099,31.34
2026-08-22T01:40:00,PCI_4,gNB-2,TDD,99.895,265,1,99.913,68.0,90.0,99.621,99.341,0.166,23,98.353,98.819,98.765,98.13,97.938,44.78,36.35,346.12,118.16,12.97426,98.998,8.01
2026-08-22T01:45:00,PCI_1,gNB-1,TDD,99.901,317,0,99.886,69.3,86.7,99.526,99.271,0.16,18,98.372,98.899,98.739,98.463,97.972,43.79,36.05,349.36,119.56,13.09135,99.072,7.22
2026-08-22T01:45:00,PCI_2,gNB-1,TDD,99.89,280,0,99.823,66.3,88.1,99.548,99.329,0.159,24,98.498,98.96,98.71,98.374,97.814,45.86,35.6,349.54,119.95,13.10281,99.14,7.48
2026-08-22T01:45:00,PCI_3,gNB-2,TDD,98.325,335,18,97.631,70.0,89.0,93.145,93.77,2.635,34,87.834,91.645,91.694,90.814,90.79,71.86,62.91,134.6,45.83,5.04758,93.688,38.71
2026-08-22T01:45:00,PCI_4,gNB-2,TDD,99.916,347,0,99.82,70.0,87.2,99.626,99.267,0.161,22,98.688,98.91,98.772,98.593,98.198,46.33,36.13,352.05,118.64,13.20234,99.106,7.61
2026-08-22T01:50:00,PCI_1,gNB-1,TDD,99.868,320,1,99.935,72.6,87.9,99.612,99.253,0.139,28,98.496,98.877,98.877,98.41,97.859,44.72,35.69,347.1,120.51,13.0031,98.962,7.79
2026-08-22T01:50:00,PCI_2,gNB-1,TDD,99.894,329,0,99.955,70.9,85.3,99.589,99.357,0.169,18,98.345,98.902,98.75,98.489,98.097,45.56,34.96,349.7,121.47,13.12685,99.187,7.93
2026-08-22T01:50:00,PCI_3,gNB-2,TDD,97.886,332,25,97.079,71.7,91.7,91.588,92.413,3.139,20,84.559,89.792,89.932,88.964,88.714,79.8,71.88,81.03,28.97,3.04024,92.515,47.05
2026-08-22T01:50:00,PCI_4,gNB-2,TDD,99.922,293,0,99.918,69.5,89.6,99.633,99.264,0.122,22,98.437,98.904,98.769,98.241,97.908,45.15,35.39,347.68,119.86,13.05368,99.138,7.65
2026-08-22T01:55:00,PCI_1,gNB-1,TDD,99.909,312,0,99.833,71.2,87.8,99.609,99.318,0.176,26,98.535,98.885,98.84,98.373,97.935,44.77,36.64,343.47,117.61,12.89618,99.205,7.44
2026-08-22T01:55:00,PCI_2,gNB-1,TDD,99.895,253,1,99.889,67.8,90.8,99.606,99.237,0.116,30,98.593,98.883,98.938,98.568,98.072,44.46,35.27,345.16,119.72,12.9316,99.149,7.81
2026-08-22T01:55:00,PCI_3,gNB-2,TDD,97.517,317,28,96.509,70.8,93.5,90.004,90.997,3.77,22,81.62,88.031,88.203,86.898,87.02,88.39,80.18,26.7,10.73,0.99325,90.945,54.96
2026-08-22T01:55:00,PCI_4,gNB-2,TDD,99.889,268,1,99.811,74.3,86.6,99.673,99.304,0.2,19,98.457,98.981,98.635,98.547,98.079,45.73,36.09,347.3,120.5,13.02336,99.165,7.39
2026-08-22T02:00:00,PCI_1,gNB-1,TDD,99.907,317,0,99.887,67.5,91.3,99.597,99.401,0.174,22,98.43,98.905,98.707,98.523,98.063,44.54,34.89,344.23,118.26,12.91589,99.219,7.76
2026-08-22T02:00:00,PCI_2,gNB-1,TDD,99.873,320,0,99.822,68.0,88.6,99.526,99.371,0.177,27,98.524,98.861,98.937,98.405,98.143,44.68,35.17,344.57,118.72,12.92394,99.185,7.42
2026-08-22T02:00:00,PCI_3,gNB-2,TDD,97.901,270,25,97.087,69.0,86.0,91.6,92.328,3.155,27,84.751,89.643,89.814,88.949,88.886,79.84,71.72,80.03,28.76,3.0068,92.157,48.12
2026-08-22T02:00:00,PCI_4,gNB-2,TDD,99.911,343,0,99.907,69.8,86.8,99.621,99.431,0.152,29,98.437,99.035,98.872,98.391,97.806,44.24,36.12,342.45,120.82,12.82865,99.228,7.29
2026-08-22T02:05:00,PCI_1,gNB-1,TDD,99.885,282,0,99.861,68.7,90.1,99.593,99.286,0.149,29,98.411,98.947,98.867,98.385,98.008,44.62,35.23,343.11,117.79,12.85881,99.014,7.13
2026-08-22T02:05:00,PCI_2,gNB-1,TDD,99.918,306,0,99.895,70.4,89.5,99.612,99.263,0.164,32,98.594,98.97,99.085,98.363,98.007,44.93,35.9,347.78,118.94,13.03729,99.051,7.51
2026-08-22T02:05:00,PCI_3,gNB-2,TDD,98.44,297,21,97.615,67.6,91.5,93.186,93.735,2.515,27,87.626,91.616,91.676,90.777,90.617,71.1,62.87,134.91,45.49,5.05714,93.573,38.95
2026-08-22T02:05:00,PCI_4,gNB-2,TDD,99.923,330,1,99.946,70.6,88.1,99.533,99.321,0.162,24,98.493,98.955,98.909,98.306,97.909,44.48,36.14,346.67,116.71,13.00472,99.093,7.59
2026-08-22T02:10:00,PCI_1,gNB-1,TDD,99.893,345,0,99.902,67.9,91.8,99.581,99.336,0.186,20,98.378,98.752,98.783,98.234,97.894,43.69,35.22,338.63,118.47,12.70702,99.095,7.91
2026-08-22T02:10:00,PCI_2,gNB-1,TDD,99.903,269,0,99.895,68.2,87.6,99.588,99.357,0.097,27,98.417,98.827,98.794,98.418,98.156,44.51,35.85,343.33,117.35,12.87187,99.196,7.79
2026-08-22T02:10:00,PCI_3,gNB-2,TDD,98.712,336,17,98.144,68.5,87.1,94.872,95.164,2.043,32,90.296,93.508,93.386,92.668,92.483,62.89,55.34,187.11,63.98,7.0028,95.041,31.37
2026-08-22T02:10:00,PCI_4,gNB-2,TDD,99.884,269,0,99.93,68.2,88.9,99.506,99.243,0.205,31,98.587,98.901,98.759,98.439,97.879,44.66,34.53,345.18,119.95,12.95139,98.982,7.47
2026-08-22T02:15:00,PCI_1,gNB-1,TDD,99.9,277,0,99.849,66.0,89.2,99.544,99.316,0.156,34,98.556,98.77,98.83,98.351,98.141,43.99,35.83,347.9,115.94,13.04949,99.224,8.0
2026-08-22T02:15:00,PCI_2,gNB-1,TDD,99.872,257,1,99.783,65.4,85.6,99.69,99.268,0.135,21,98.378,98.932,98.864,98.466,97.848,44.04,35.42,340.71,117.71,12.77431,98.938,7.42
2026-08-22T02:15:00,PCI_3,gNB-2,TDD,99.076,299,10,98.701,68.0,87.1,96.411,96.553,1.468,19,93.484,95.299,95.168,94.49,94.4,54.14,46.81,241.87,80.18,9.07025,96.489,22.92
2026-08-22T02:15:00,PCI_4,gNB-2,TDD,99.922,316,1,99.92,69.5,88.5,99.674,99.306,0.165,29,98.535,98.87,98.716,98.47,98.124,43.81,35.25,345.34,116.24,12.94974,99.231,7.18
2026-08-22T02:20:00,PCI_1,gNB-1,TDD,99.901,344,1,99.8,67.0,86.4,99.665,99.367,0.149,25,98.459,98.952,98.754,98.376,97.92,44.42,35.18,335.62,117.12,12.5758,98.996,8.22
2026-08-22T02:20:00,PCI_2,gNB-1,TDD,99.906,314,1,99.916,69.9,88.7,99.587,99.282,0.184,24,98.433,98.763,98.719,98.338,97.888,43.65,35.66,339.67,116.14,12.74202,99.22,7.57
2026-08-22T02:20:00,PCI_3,gNB-2,TDD,99.551,333,4,99.321,68.8,89.8,98.014,98.029,0.83,27,95.614,97.226,96.969,96.468,96.214,45.82,39.01,286.96,99.6,10.75262,97.867,15.49
2026-08-22T02:20:00,PCI_4,gNB-2,TDD,99.919,300,0,99.884,69.0,85.3,99.523,99.256,0.148,28,98.651,98.804,98.736,98.463,97.983,44.78,36.41,342.61,117.43,12.84984,98.978,7.55
2026-08-22T02:25:00,PCI_1,gNB-1,TDD,99.886,300,0,99.891,67.9,84.8,99.552,99.293,0.194,20,98.498,98.883,98.743,98.382,98.006,44.63,35.1,338.57,117.24,12.70527,99.09,7.55
2026-08-22T02:25:00,PCI_2,gNB-1,TDD,99.898,257,0,99.912,66.7,88.0,99.621,99.259,0.164,18,98.559,98.893,98.791,98.178,97.978,44.62,35.65,341.15,116.11,12.79155,99.084,7.76
2026-08-22T02:25:00,PCI_3,gNB-2,TDD,99.955,315,0,99.943,70.0,87.6,99.559,99.214,0.18,33,98.398,98.856,98.875,98.628,98.006,37.59,29.69,342.78,115.43,12.8466,98.982,7.76
2026-08-22T02:25:00,PCI_4,gNB-2,TDD,99.903,260,0,99.861,69.5,82.8,99.664,99.373,0.146,33,98.556,98.903,98.856,98.456,97.936,44.61,35.87,341.61,114.89,12.81585,99.019,7.63
2026-08-22T02:30:00,PCI_1,gNB-1,TDD,99.88,268,0,99.918,69.7,86.7,99.589,99.251,0.137,25,98.573,99.002,98.723,98.435,97.993,44.7,35.02,336.43,117.21,12.6056,99.039,7.28
2026-08-22T02:30:00,PCI_2,gNB-1,TDD,99.892,297,0,99.971,71.6,87.0,99.513,99.28,0.219,20,98.529,99.045,98.838,98.316,97.931,43.71,35.53,342.4,116.29,12.8344,99.136,7.46
2026-08-22T02:30:00,PCI_3,gNB-2,TDD,99.895,331,0,99.915,67.5,88.3,99.653,99.33,0.161,26,98.365,98.907,98.725,98.293,97.949,44.44,34.71,342.27,117.14,12.83922,99.134,7.1
2026-08-22T02:30:00,PCI_4,gNB-2,TDD,99.908,340,0,99.92,71.9,89.3,99.641,99.329,0.197,33,98.497,98.8,98.928,98.316,98.028,44.82,35.41,331.95,115.3,12.43173,98.896,7.07
2026-08-22T02:35:00,PCI_1,gNB-1,TDD,99.9,284,0,99.944,67.4,87.4,99.628,99.293,0.178,21,98.474,98.888,98.938,98.521,98.048,43.1,35.55,337.39,114.67,12.66932,99.061,8.14
2026-08-22T02:35:00,PCI_2,gNB-1,TDD,99.939,342,1,99.867,68.7,84.9,99.67,99.361,0.158,21,98.54,98.96,98.82,98.423,97.992,45.73,34.68,341.31,116.02,12.80553,99.103,7.29
2026-08-22T02:35:00,PCI_3,gNB-2,TDD,99.887,315,0,99.973,68.3,83.2,99.56,99.349,0.154,29,98.55,98.726,98.912,98.551,97.963,43.72,35.39,333.89,114.43,12.52379,99.212,7.49
2026-08-22T02:35:00,PCI_4,gNB-2,TDD,99.896,309,0,99.836,71.0,87.6,99.581,99.338,0.157,33,98.616,98.876,98.762,98.304,98.141,43.76,35.04,335.04,116.35,12.53861,99.18,7.26
2026-08-22T02:40:00,PCI_1,gNB-1,TDD,99.891,293,1,99.821,67.0,87.3,99.587,99.267,0.147,27,98.541,99.068,98.781,98.356,98.11,44.81,34.82,333.11,114.42,12.4844,99.041,7.3
2026-08-22T02:40:00,PCI_2,gNB-1,TDD,99.901,251,0,99.902,66.8,87.6,99.573,99.253,0.102,33,98.533,99.202,98.728,98.41,97.85,44.1,36.22,334.53,114.83,12.54604,99.007,7.6
2026-08-22T02:40:00,PCI_3,gNB-2,TDD,99.931,279,0,99.951,67.2,85.4,99.601,99.288,0.187,23,98.381,98.696,98.912,98.392,97.952,44.2,35.46,333.17,115.88,12.48827,99.136,6.97
2026-08-22T02:40:00,PCI_4,gNB-2,TDD,99.871,332,1,99.849,66.2,85.5,99.698,99.318,0.127,29,98.509,98.934,98.763,98.34,97.781,44.17,35.43,331.82,112.58,12.45294,99.145,7.44
2026-08-22T02:45:00,PCI_1,gNB-1,TDD,99.918,295,0,99.79,65.5,83.3,99.697,99.316,0.127,25,98.677,98.947,98.731,98.472,97.962,44.2,34.29,331.92,114.01,12.44417,99.161,7.32
2026-08-22T02:45:00,PCI_2,gNB-1,TDD,99.905,295,0,99.903,64.0,85.8,99.577,99.266,0.132,29,98.384,99.055,98.792,98.527,97.947,43.92,35.7,327.57,115.75,12.28632,99.094,7.18
2026-08-22T02:45:00,PCI_3,gNB-2,TDD,99.925,327,1,99.916,68.8,87.4,99.529,99.265,0.147,34,98.413,98.8,98.873,98.417,97.861,43.76,35.44,327.36,115.58,12.27411,98.951,7.27
2026-08-22T02:45:00,PCI_4,gNB-2,TDD,99.916,285,0,99.83,62.2,85.8,99.549,99.305,0.167,20,98.458,98.792,98.842,98.402,98.14,44.09,35.25,332.29,112.5,12.46094,99.023,8.07
2026-08-22T02:50:00,PCI_1,gNB-1,TDD,99.888,316,0,99.911,68.2,84.2,99.649,99.327,0.138,27,98.473,98.899,98.769,98.643,97.918,43.89,35.24,329.56,112.09,12.36148,99.025,8.24
2026-08-22T02:50:00,PCI_2,gNB-1,TDD,99.908,300,0,99.911,66.5,85.5,99.568,99.385,0.14,19,98.576,98.795,98.843,98.368,98.176,43.35,35.21,335.65,114.32,12.57784,99.026,7.58
2026-08-22T02:50:00,PCI_3,gNB-2,TDD,99.87,271,1,99.954,64.7,88.6,99.637,99.25,0.155,33,98.45,98.808,98.861,98.374,97.983,43.0,34.71,327.39,113.76,12.28985,99.025,6.85
2026-08-22T02:50:00,PCI_4,gNB-2,TDD,99.906,277,1,99.893,63.7,84.9,99.609,99.265,0.115,24,98.394,99.043,98.891,98.429,98.179,44.09,34.87,330.57,114.39,12.38139,99.099,7.41
2026-08-22T02:55:00,PCI_1,gNB-1,TDD,99.863,330,0,99.852,60.2,87.4,99.607,99.259,0.171,27,98.527,98.999,98.732,98.331,98.036,43.69,34.28,329.13,111.76,12.36019,99.262,7.71
2026-08-22T02:55:00,PCI_2,gNB-1,TDD,99.895,264,0,99.925,66.0,86.2,99.622,99.295,0.135,29,98.532,99.064,98.831,98.444,98.104,43.93,34.2,329.11,113.14,12.34525,99.01,7.69
2026-08-22T02:55:00,PCI_3,gNB-2,TDD,99.894,347,2,99.923,62.2,84.0,99.642,99.377,0.153,26,98.629,98.924,98.771,98.476,98.087,43.92,34.65,320.72,112.2,12.0234,99.133,7.74
2026-08-22T02:55:00,PCI_4,gNB-2,TDD,99.904,257,0,99.847,64.7,85.1,99.7,99.279,0.161,31,98.488,98.833,98.745,98.566,97.719,43.91,34.85,331.57,114.57,12.42385,99.373,7.48
2026-08-22T03:00:00,PCI_1,gNB-1,TDD,99.889,253,0,99.939,61.6,81.2,99.555,99.241,0.187,21,98.539,98.931,98.68,98.086,97.896,43.36,34.74,327.44,110.78,12.27428,99.039,7.75
2026-08-22T03:00:00,PCI_2,gNB-1,TDD,99.885,315,0,99.909,67.1,85.2,99.578,99.307,0.133,27,98.494,98.892,98.713,98.407,97.938,43.82,34.69,330.23,111.28,12.37418,98.938,7.49
2026-08-22T03:00:00,PCI_3,gNB-2,TDD,99.937,324,0,99.861,64.2,85.4,99.608,99.314,0.176,30,98.58,99.032,98.838,98.48,97.906,43.03,35.96,324.59,112.46,12.16117,99.261,7.77
2026-08-22T03:00:00,PCI_4,gNB-2,TDD,99.896,293,0,99.87,65.7,82.8,99.594,99.318,0.124,25,98.35,98.972,98.791,98.508,98.001,43.07,34.38,325.97,111.27,12.2318,99.051,7.29
2026-08-22T03:05:00,PCI_1,gNB-1,TDD,99.911,340,1,99.921,62.9,82.6,99.682,99.343,0.143,31,98.419,98.864,98.829,98.415,97.725,43.58,34.86,317.77,111.34,11.90731,99.095,7.63
2026-08-22T03:05:00,PCI_2,gNB-1,TDD,99.897,270,0,99.885,63.9,83.7,99.561,99.345,0.156,18,98.467,98.981,98.795,98.373,97.989,43.78,34.41,322.14,111.32,12.0792,99.092,7.18
2026-08-22T03:05:00,PCI_3,gNB-2,TDD,99.905,274,2,99.925,63.4,84.1,99.643,99.251,0.115,27,98.587,98.845,98.818,98.686,98.03,43.59,33.96,322.65,111.32,12.11544,99.221,7.18
2026-08-22T03:05:00,PCI_4,gNB-2,TDD,99.893,276,1,99.933,62.9,81.1,99.596,99.302,0.154,26,98.235,98.865,98.923,98.315,98.031,43.74,33.82,324.31,110.08,12.1623,98.944,7.98
2026-08-22T03:10:00,PCI_1,gNB-1,TDD,99.898,282,0,99.957,65.8,82.3,99.579,99.301,0.088,32,98.573,98.954,98.799,98.497,97.954,44.03,34.72,316.7,110.23,11.86297,99.298,6.98
2026-08-22T03:10:00,PCI_2,gNB-1,TDD,99.903,322,0,99.782,65.3,80.4,99.576,99.266,0.15,32,98.496,99.047,98.741,98.476,97.935,43.01,34.47,318.84,109.65,11.95197,99.075,7.38
2026-08-22T03:10:00,PCI_3,gNB-2,TDD,99.885,286,1,99.799,64.9,83.5,99.55,99.223,0.134,19,98.339,98.786,98.796,98.487,98.09,42.39,33.46,324.51,108.33,12.17543,99.026,7.17
2026-08-22T03:10:00,PCI_4,gNB-2,TDD,99.871,341,0,99.868,60.9,84.3,99.633,99.325,0.145,23,98.621,98.813,98.809,98.31,97.967,42.94,35.45,320.73,109.9,12.04891,99.11,6.97
2026-08-22T03:15:00,PCI_1,gNB-1,TDD,99.912,271,0,99.926,64.1,81.3,99.586,99.322,0.141,23,98.594,98.865,98.823,98.559,97.983,42.19,33.69,314.46,109.52,11.80404,99.156,7.19
2026-08-22T03:15:00,PCI_2,gNB-1,TDD,99.906,333,0,99.878,63.7,82.9,99.705,99.362,0.162,24,98.626,98.979,98.704,98.349,97.991,42.45,33.87,313.62,108.24,11.753,99.15,7.47
2026-08-22T03:15:00,PCI_3,gNB-2,TDD,99.919,281,0,99.883,61.0,79.7,99.656,99.36,0.149,20,98.528,98.932,98.95,98.506,98.068,43.47,34.35,319.09,108.25,11.95676,99.273,6.98
2026-08-22T03:15:00,PCI_4,gNB-2,TDD,99.907,264,0,99.874,63.3,86.3,99.669,99.318,0.164,25,98.405,98.897,98.884,98.513,97.917,42.53,34.42,319.63,108.95,11.98535,98.918,7.0
2026-08-22T03:20:00,PCI_1,gNB-1,TDD,99.913,343,0,99.913,63.3,81.1,99.545,99.283,0.132,32,98.434,98.934,98.782,98.259,98.099,42.73,33.09,318.67,110.5,11.92274,99.055,7.68
2026-08-22T03:20:00,PCI_2,gNB-1,TDD,99.866,295,0,99.995,63.8,82.5,99.575,99.341,0.162,21,98.52,98.744,98.793,98.344,97.932,42.97,34.71,313.44,108.58,11.75829,99.208,7.29
2026-08-22T03:20:00,PCI_3,gNB-2,TDD,99.909,293,0,99.912,63.9,80.3,99.615,99.339,0.144,28,98.43,98.773,98.659,98.567,98.035,42.71,33.7,314.27,109.21,11.78093,99.007,7.42
2026-08-22T03:20:00,PCI_4,gNB-2,TDD,99.891,339,0,99.769,64.7,78.1,99.658,99.341,0.142,27,98.396,99.025,98.795,98.501,97.853,43.13,33.76,313.77,107.24,11.77351,99.023,7.83
2026-08-22T03:25:00,PCI_1,gNB-1,TDD,99.969,321,0,99.99,64.5,82.1,99.607,99.355,0.019,28,98.075,98.827,98.803,98.398,97.973,38.0,30.59,307.55,106.38,11.52923,99.107,8.11
2026-08-22T03:25:00,PCI_2,gNB-1,TDD,99.858,318,1,99.945,61.5,81.2,99.696,99.286,0.144,21,98.536,99.024,98.804,98.442,98.007,42.9,33.51,312.6,106.45,11.73098,99.031,7.43
2026-08-22T03:25:00,PCI_3,gNB-2,TDD,99.885,346,0,99.828,63.5,78.6,99.6,99.325,0.176,20,98.402,98.875,98.908,98.631,97.905,42.55,33.89,309.55,106.86,11.5979,99.012,7.71
2026-08-22T03:25:00,PCI_4,gNB-2,TDD,99.887,290,0,99.961,62.5,82.8,99.682,99.329,0.289,23,98.424,98.98,98.78,98.329,98.065,37.93,31.02,317.32,108.54,11.90121,98.958,7.76
2026-08-22T03:30:00,PCI_1,gNB-1,TDD,99.037,325,7,97.829,59.2,79.5,97.451,97.476,2.182,25,96.219,96.524,96.342,95.914,95.537,44.86,39.3,248.73,86.12,9.29868,97.252,15.7
2026-08-22T03:30:00,PCI_2,gNB-1,TDD,99.933,325,1,99.896,63.2,78.8,99.568,99.325,0.15,34,98.37,98.838,98.588,98.395,97.852,42.37,34.64,312.87,104.86,11.74879,99.118,7.27
2026-08-22T03:30:00,PCI_3,gNB-2,TDD,99.898,349,2,99.878,61.5,84.8,99.67,99.213,0.195,22,98.573,98.833,98.733,98.392,97.994,41.36,33.3,306.92,105.85,11.53946,98.992,7.8
2026-08-22T03:30:00,PCI_4,gNB-2,TDD,99.05,282,7,97.979,62.1,78.2,97.437,97.445,2.055,30,96.269,96.503,96.352,95.773,95.437,45.11,38.61,250.4,86.82,9.37349,97.277,15.24
2026-08-22T03:35:00,PCI_1,gNB-1,TDD,98.145,283,12,95.998,63.7,81.7,95.363,95.657,3.963,32,93.723,93.858,94.135,93.373,93.212,52.03,45.44,183.76,64.31,6.89487,95.505,23.23
2026-08-22T03:35:00,PCI_2,gNB-1,TDD,99.887,257,0,99.888,59.9,79.5,99.642,99.265,0.139,18,98.704,98.979,98.882,98.505,98.014,41.96,34.12,305.87,105.93,11.50254,99.205,7.02
2026-08-22T03:35:00,PCI_3,gNB-2,TDD,99.875,268,0,99.924,61.8,80.9,99.645,99.325,0.18,34,98.579,98.953,98.702,98.39,97.849,42.06,34.4,307.67,104.69,11.51759,99.174,8.01
2026-08-22T03:35:00,PCI_4,gNB-2,TDD,98.173,305,15,95.897,58.3,80.7,95.284,95.657,3.823,20,93.464,94.085,94.038,93.239,93.035,52.78,45.8,185.91,66.19,6.9809,95.677,23.29
2026-08-22T03:40:00,PCI_1,gNB-1,TDD,97.298,314,19,94.029,59.1,81.2,93.26,93.842,5.88,20,91.352,91.814,91.613,90.769,90.802,59.5,54.88,129.34,43.96,4.85738,93.602,30.7
2026-08-22T03:40:00,PCI_2,gNB-1,TDD,99.861,332,0,99.913,59.4,77.5,99.601,99.381,0.165,22,98.633,99.102,98.719,98.453,98.056,41.82,33.52,300.6,105.06,11.27638,99.14,7.82
2026-08-22T03:40:00,PCI_3,gNB-2,TDD,99.923,264,0,99.909,56.7,79.0,99.567,99.241,0.168,25,98.531,99.043,98.85,98.397,97.944,42.46,33.0,304.61,106.25,11.42584,99.199,7.74
2026-08-22T03:40:00,PCI_4,gNB-2,TDD,97.275,324,19,93.98,61.3,83.2,93.172,93.857,5.69,28,91.473,91.634,91.778,90.875,90.697,59.77,52.7,125.42,44.85,4.70259,93.638,30.65
2026-08-22T03:45:00,PCI_1,gNB-1,TDD,96.4,296,28,91.922,62.4,76.0,91.053,91.876,7.677,19,89.412,89.184,89.36,88.124,88.06,66.44,61.06,69.19,25.74,2.58634,91.929,38.15
2026-08-22T03:45:00,PCI_2,gNB-1,TDD,99.874,279,1,99.9,57.0,78.5,99.546,99.325,0.144,25,98.573,98.978,98.929,98.346,98.093,42.3,32.49,302.51,103.99,11.35773,98.936,7.86
2026-08-22T03:45:00,PCI_3,gNB-2,TDD,99.899,283,0,99.936,60.3,80.5,99.714,99.225,0.126,27,98.482,98.932,98.691,98.502,97.906,41.58,32.76,302.49,104.51,11.33663,99.041,7.78
2026-08-22T03:45:00,PCI_4,gNB-2,TDD,96.491,335,26,91.918,62.7,78.8,91.057,91.879,7.651,21,89.156,89.387,89.097,88.194,88.279,66.69,61.22,68.73,25.16,2.55881,92.027,37.82
2026-08-22T03:50:00,PCI_1,gNB-1,TDD,96.458,297,27,92.07,61.4,77.2,91.043,91.946,7.564,26,88.972,89.172,89.227,88.161,88.134,66.72,61.14,70.49,25.62,2.64973,91.989,37.9
2026-08-22T03:50:00,PCI_2,gNB-1,TDD,99.938,294,0,99.865,59.0,73.1,99.59,99.273,0.166,28,98.58,98.978,98.835,98.34,98.059,41.24,33.21,294.6,103.19,11.05473,99.023,7.93
2026-08-22T03:50:00,PCI_3,gNB-2,TDD,99.875,329,0,99.909,59.5,74.7,99.569,99.28,0.131,20,98.449,98.86,98.807,98.543,98.081,40.96,32.83,296.07,100.29,11.09275,99.168,7.52
2026-08-22T03:50:00,PCI_4,gNB-2,TDD,96.422,270,27,91.985,59.4,78.1,91.085,91.864,7.623,18,89.21,89.122,88.979,88.323,88.101,66.87,61.14,70.54,23.92,2.64658,91.937,37.8
2026-08-22T03:55:00,PCI_1,gNB-1,TDD,97.25,251,20,94.039,57.6,76.7,93.208,93.779,5.832,32,91.567,91.683,91.542,90.666,90.829,59.3,54.5,126.61,42.62,4.77277,93.745,31.18
2026-08-22T03:55:00,PCI_2,gNB-1,TDD,99.917,333,1,99.883,61.1,76.9,99.62,99.276,0.148,25,98.52,98.815,98.903,98.439,98.049,41.55,33.71,290.44,100.7,10.90652,98.995,7.14
2026-08-22T03:55:00,PCI_3,gNB-2,TDD,99.903,340,0,99.947,59.5,76.7,99.564,99.314,0.13,25,98.507,98.867,98.969,98.534,98.063,41.01,33.43,292.76,101.63,10.98228,99.091,7.44
2026-08-22T03:55:00,PCI_4,gNB-2,TDD,97.266,346,19,94.112,58.7,76.8,93.202,93.79,5.825,18,91.362,91.887,91.619,90.866,90.498,59.38,53.78,121.02,43.61,4.5334,93.823,30.81
2026-08-22T04:00:00,PCI_1,gNB-1,TDD,98.214,274,14,95.944,60.5,77.0,95.363,95.591,4.041,32,93.279,93.869,94.069,93.508,93.224,52.56,47.07,180.78,58.06,6.75937,95.349,22.51
2026-08-22T04:00:00,PCI_2,gNB-1,TDD,99.889,261,0,99.891,58.3,76.6,99.619,99.312,0.166,20,98.56,98.874,98.829,98.5,97.99,41.1,33.06,288.7,98.82,10.82943,99.081,7.07
2026-08-22T04:00:00,PCI_3,gNB-2,TDD,99.89,302,0,99.818,59.9,75.2,99.695,99.281,0.144,26,98.467,98.812,98.701,98.227,98.153,40.8,33.06,289.29,100.93,10.86209,99.16,7.51
2026-08-22T04:00:00,PCI_4,gNB-2,TDD,98.179,259,11,95.905,57.7,78.6,95.363,95.612,3.955,21,94.274,93.956,94.023,93.435,93.154,52.05,45.98,176.89,64.26,6.63504,95.42,23.54
2026-08-22T04:05:00,PCI_1,gNB-1,TDD,99.01,308,7,98.026,59.2,75.6,97.626,97.463,2.02,32,96.165,96.497,96.229,95.812,95.67,45.3,39.84,235.51,77.47,8.81827,97.084,15.1
2026-08-22T04:05:00,PCI_2,gNB-1,TDD,99.864,267,1,99.957,58.8,76.8,99.626,99.343,0.159,25,98.566,98.718,98.65,98.326,97.987,40.89,32.53,288.12,100.71,10.80838,99.132,6.94
2026-08-22T04:05:00,PCI_3,gNB-2,TDD,99.832,302,0,100.0,61.5,74.8,99.607,99.276,0.146,25,98.532,99.065,98.79,98.415,98.12,40.43,32.81,291.37,100.49,10.93223,99.095,7.25
2026-08-22T04:05:00,PCI_4,gNB-2,TDD,99.019,279,6,97.768,57.5,79.1,97.493,97.41,2.175,22,96.047,96.405,96.537,95.979,95.558,45.27,38.61,236.24,83.14,8.85457,97.412,15.61
2026-08-22T04:10:00,PCI_1,gNB-1,TDD,99.83,309,0,99.97,56.2,72.9,99.593,99.272,0.241,28,98.406,98.799,98.989,98.447,98.057,39.14,31.1,281.81,98.66,10.57671,99.177,7.77
2026-08-22T04:10:00,PCI_2,gNB-1,TDD,99.903,299,1,99.89,58.9,79.8,99.58,99.273,0.142,34,98.367,98.789,98.821,98.42,97.919,40.52,32.74,283.55,98.54,10.63138,98.902,7.6
2026-08-22T04:10:00,PCI_3,gNB-2,TDD,99.91,283,1,99.972,59.9,75.9,99.598,99.35,0.144,28,98.499,99.007,98.865,98.255,97.916,40.64,31.81,287.57,97.49,10.78113,99.178,7.33
2026-08-22T04:10:00,PCI_4,gNB-2,TDD,99.87,315,1,99.735,57.9,78.8,99.609,99.422,0.096,28,98.597,98.918,98.802,98.272,98.111,38.66,31.6,284.73,99.4,10.67235,99.035,8.36
2026-08-22T04:15:00,PCI_1,gNB-1,TDD,99.931,261,1,99.918,55.8,75.7,99.685,99.4,0.149,30,98.578,99.019,98.803,98.378,98.058,41.0,32.17,285.38,98.34,10.71849,99.143,7.48
2026-08-22T04:15:00,PCI_2,gNB-1,TDD,99.901,304,1,99.857,59.6,74.4,99.629,99.292,0.184,20,98.476,98.953,98.831,98.406,98.014,40.27,32.27,282.9,97.23,10.61327,99.071,7.54
2026-08-22T04:15:00,PCI_3,gNB-2,TDD,99.918,251,1,99.93,54.9,73.5,99.599,99.221,0.131,25,98.49,98.784,98.688,98.476,98.025,41.79,31.75,280.81,98.89,10.53649,98.916,7.12
2026-08-22T04:15:00,PCI_4,gNB-2,TDD,99.921,310,1,100.0,52.7,74.9,99.59,99.306,0.167,20,98.411,98.809,98.878,98.255,98.124,39.05,32.96,277.09,97.84,10.38678,98.96,6.95
2026-08-22T04:20:00,PCI_1,gNB-1,TDD,99.931,326,0,99.922,55.6,75.9,99.6,99.28,0.148,19,98.512,98.844,98.745,98.26,97.925,41.17,32.79,283.06,96.02,10.62973,99.079,7.26
2026-08-22T04:20:00,PCI_2,gNB-1,TDD,99.858,269,0,99.946,53.7,70.3,99.611,99.381,0.154,29,98.45,98.92,98.662,98.423,97.995,40.5,32.09,280.38,93.61,10.52289,99.161,7.36
2026-08-22T04:20:00,PCI_3,gNB-2,TDD,99.914,250,0,99.938,53.7,75.3,99.524,99.353,0.158,22,98.336,98.883,98.79,98.229,97.985,39.72,31.46,269.31,96.64,10.10526,98.966,7.44
2026-08-22T04:20:00,PCI_4,gNB-2,TDD,99.929,253,0,99.919,55.0,74.4,99.56,99.338,0.157,18,98.662,99.113,98.794,98.266,97.866,39.9,32.6,279.77,96.18,10.49914,99.094,6.84
2026-08-22T04:25:00,PCI_1,gNB-1,TDD,99.94,299,1,99.895,56.3,71.4,99.547,99.288,0.142,25,98.38,99.01,98.748,98.313,98.016,40.42,31.92,277.63,94.47,10.41612,99.264,7.28
2026-08-22T04:25:00,PCI_2,gNB-1,TDD,99.916,300,0,99.915,59.1,70.7,99.703,99.228,0.128,27,98.367,98.819,98.58,98.436,97.89,40.36,31.42,276.06,95.64,10.34152,98.963,7.21
2026-08-22T04:25:00,PCI_3,gNB-2,TDD,99.89,259,1,99.923,53.3,74.5,99.598,99.284,0.124,26,98.466,98.829,98.744,98.574,98.031,40.91,31.66,277.33,95.71,10.40162,99.074,7.57
2026-08-22T04:25:00,PCI_4,gNB-2,TDD,99.909,257,0,99.973,54.0,71.6,99.7,99.35,0.153,21,98.43,98.994,98.774,98.371,97.855,39.64,31.86,282.34,96.31,10.59557,99.149,7.44
