timestamp,pci,nof_ue,dl_brate,ul_brate,dl_nof_ok,dl_nof_nok,ul_nof_ok,ul_nof_nok,dl_mcs,ul_mcs,dl_prb,ul_prb,pusch_snr_db,pucch_snr_db
2024-06-01T00:00:00,PCI_1,7,16592414.0,39146782.0,926,32,896,14,13,13,39,49,20.72,10.56
2024-06-01T00:00:00,PCI_2,28,55070558.0,33796656.0,1128,34,835,16,12,11,36,22,9.54,19.09
2024-06-01T00:00:00,PCI_3,9,34816818.0,38974431.0,1166,7,957,25,14,11,32,40,20.57,11.89
2024-06-01T00:00:00,PCI_4,8,57813427.0,31066675.0,1167,17,840,16,10,15,21,36,11.52,15.41
2024-06-01T00:01:00,PCI_1,22,25883654.0,28443490.0,922,21,938,8,11,15,40,20,21.65,22.01
2024-06-01T00:01:00,PCI_2,25,37123487.0,15091484.0,1031,8,793,23,9,13,57,32,7.8,12.0
2024-06-01T00:01:00,PCI_3,16,64651032.0,21062052.0,1141,5,939,24,13,12,55,41,7.8,10.29
2024-06-01T00:01:00,PCI_4,19,63549920.0,27215141.0,1070,20,900,20,12,12,41,49,16.18,14.08
2024-06-01T00:02:00,PCI_1,11,69738215.0,13187882.0,1080,6,804,14,11,14,64,23,10.63,13.87
2024-06-01T00:02:00,PCI_2,24,56501948.0,19223540.0,917,20,898,6,11,14,45,35,8.34,8.45
2024-06-01T00:02:00,PCI_3,22,45073134.0,10330924.0,931,8,931,22,9,11,51,33,13.92,15.62
2024-06-01T00:02:00,PCI_4,14,16135494.0,9130207.0,1108,13,790,21,10,15,48,39,23.17,21.99
2024-06-01T00:03:00,PCI_1,11,41455305.0,14528455.0,1037,14,929,29,13,8,31,46,23.05,17.12
2024-06-01T00:03:00,PCI_2,19,22374095.0,34981500.0,928,29,760,22,8,14,33,47,19.39,16.64
2024-06-01T00:03:00,PCI_3,20,39106518.0,6456496.0,992,26,742,18,8,9,24,40,11.6,10.89
2024-06-01T00:03:00,PCI_4,9,74758408.0,25337140.0,1048,28,731,7,11,10,46,46,16.82,8.46
2024-06-01T00:04:00,PCI_1,6,44066083.0,22174745.0,945,38,825,16,8,11,41,46,16.43,17.47
2024-06-01T00:04:00,PCI_2,18,40723802.0,5756423.0,1181,33,780,28,10,14,34,36,22.92,10.8
2024-06-01T00:04:00,PCI_3,7,56159584.0,30444812.0,990,24,794,5,10,15,49,41,7.15,26.32
2024-06-01T00:04:00,PCI_4,18,35964560.0,34042641.0,1130,39,769,9,11,14,21,20,11.34,27.06
2024-06-01T00:05:00,PCI_1,29,21522547.0,6571872.0,1090,15,886,16,15,10,60,25,24.85,25.83
2024-06-01T00:05:00,PCI_2,27,46320085.0,16057517.0,1030,8,924,25,8,14,60,23,18.23,15.47
2024-06-01T00:05:00,PCI_3,5,26867940.0,9296528.0,1165,8,920,23,15,8,37,25,8.07,11.59
2024-06-01T00:05:00,PCI_4,9,31722657.0,32209169.0,1149,17,879,22,10,15,59,16,15.01,10.88
2024-06-01T00:06:00,PCI_1,5,18528275.0,22721548.0,1180,5,752,9,13,15,32,20,16.62,12.0
2024-06-01T00:06:00,PCI_2,23,19174043.0,9331383.0,1108,35,941,3,12,15,52,18,12.95,14.02
2024-06-01T00:06:00,PCI_3,18,74736590.0,5870082.0,939,22,852,20,10,12,34,53,17.68,10.12
2024-06-01T00:06:00,PCI_4,29,51722979.0,37655813.0,1066,30,742,23,13,14,38,15,14.35,23.7
2024-06-01T00:07:00,PCI_1,11,26284852.0,23576936.0,1154,5,899,5,14,14,32,48,22.35,20.06
2024-06-01T00:07:00,PCI_2,15,55635172.0,35362172.0,1081,15,823,6,10,11,36,52,9.96,12.73
2024-06-01T00:07:00,PCI_3,27,51610356.0,10116064.0,1198,31,952,25,8,9,63,19,11.21,10.88
2024-06-01T00:07:00,PCI_4,12,20752938.0,9042152.0,1147,37,976,19,12,8,27,21,6.11,11.49
2024-06-01T00:08:00,PCI_1,25,32259377.0,22658418.0,1149,6,828,18,11,13,43,42,22.02,8.87
2024-06-01T00:08:00,PCI_2,11,49986286.0,19569185.0,1162,22,754,27,10,8,30,24,12.47,18.48
2024-06-01T00:08:00,PCI_3,15,16937920.0,34525123.0,1168,8,727,25,15,14,24,17,24.59,24.04
2024-06-01T00:08:00,PCI_4,24,19418655.0,23762381.0,1170,25,933,19,10,12,48,39,22.15,17.26
2024-06-01T00:09:00,PCI_1,6,43451409.0,19591128.0,1135,18,905,20,9,12,31,25,12.35,15.33
2024-06-01T00:09:00,PCI_2,22,30781353.0,38210027.0,969,30,798,14,13,15,37,22,14.62,14.57
2024-06-01T00:09:00,PCI_3,10,47290559.0,27152117.0,1038,23,988,25,14,8,42,41,19.7,12.05
2024-06-01T00:09:00,PCI_4,8,53006582.0,8328351.0,986,25,908,16,12,13,58,51,6.69,26.72
2024-06-01T00:10:00,PCI_1,15,64783687.0,32829019.0,1117,9,987,28,12,15,27,47,10.07,19.8
2024-06-01T00:10:00,PCI_2,9,49546543.0,25035068.0,1183,6,728,17,11,11,47,21,15.45,23.28
2024-06-01T00:10:00,PCI_3,8,18381351.0,9098625.0,1176,32,855,16,15,13,30,38,18.16,16.37
2024-06-01T00:10:00,PCI_4,13,72885658.0,31688625.0,926,37,932,8,13,10,50,44,12.28,14.29
2024-06-01T00:11:00,PCI_1,18,36832388.0,30539000.0,993,10,988,6,11,9,23,52,23.72,23.61
2024-06-01T00:11:00,PCI_2,29,60243217.0,38291813.0,1065,26,843,6,11,8,36,41,22.01,20.74
2024-06-01T00:11:00,PCI_3,18,41802257.0,33888983.0,936,9,843,18,8,11,21,42,14.17,16.85
2024-06-01T00:11:00,PCI_4,24,17741189.0,39896213.0,988,5,790,16,8,15,61,44,10.68,24.74
2024-06-01T00:12:00,PCI_1,8,16330851.0,36396169.0,912,8,899,29,13,14,21,41,9.82,10.86
2024-06-01T00:12:00,PCI_2,27,55938833.0,6265695.0,908,34,933,24,8,8,28,15,6.03,20.12
2024-06-01T00:12:00,PCI_3,11,66067470.0,37472840.0,1194,33,988,9,8,8,32,48,18.96,24.76
2024-06-01T00:12:00,PCI_4,8,45317169.0,31081584.0,1131,20,712,15,12,13,29,19,22.02,11.1
2024-06-01T00:13:00,PCI_1,7,78614335.0,26404026.0,1143,30,715,8,13,12,20,25,17.33,8.85
2024-06-01T00:13:00,PCI_2,9,16420470.0,11423663.0,916,12,965,15,11,15,51,31,14.17,23.68
2024-06-01T00:13:00,PCI_3,11,31093984.0,25230603.0,976,27,961,18,15,12,40,20,17.98,26.81
2024-06-01T00:13:00,PCI_4,15,43191811.0,9172613.0,1109,10,744,15,15,9,42,42,10.56,14.09
2024-06-01T00:14:00,PCI_1,29,38614818.0,12616998.0,1084,19,935,19,11,15,38,40,11.34,8.72
2024-06-01T00:14:00,PCI_2,10,50072055.0,24802017.0,1076,15,825,15,12,13,41,20,17.96,21.05
2024-06-01T00:14:00,PCI_3,9,53820874.0,17623007.0,1084,16,773,24,11,15,35,36,19.73,25.73
2024-06-01T00:14:00,PCI_4,18,65990929.0,16005774.0,1053,9,976,25,12,14,42,44,14.88,10.32
2024-06-01T00:15:00,PCI_1,6,33389103.0,11054806.0,916,7,960,25,10,13,56,17,19.85,8.29
2024-06-01T00:15:00,PCI_2,14,20752903.0,26029414.0,994,20,948,22,13,8,58,31,12.3,27.17
2024-06-01T00:15:00,PCI_3,24,59378446.0,18574459.0,922,39,834,23,13,15,39,27,5.21,12.18
2024-06-01T00:15:00,PCI_4,9,68541300.0,39619655.0,1092,31,857,15,15,12,27,43,21.78,27.81
2024-06-01T00:16:00,PCI_1,13,62873112.0,20182266.0,1095,9,850,15,8,11,57,30,8.01,11.62
2024-06-01T00:16:00,PCI_2,10,30444153.0,22156914.0,1040,13,972,28,15,12,22,40,14.87,9.68
2024-06-01T00:16:00,PCI_3,18,56914228.0,31701606.0,980,13,952,25,13,12,58,40,12.33,18.79
2024-06-01T00:16:00,PCI_4,17,63803931.0,34820543.0,917,35,801,28,10,12,58,28,23.19,19.74
2024-06-01T00:17:00,PCI_1,26,17348580.0,18949338.0,936,34,815,12,12,15,46,34,17.62,11.55
2024-06-01T00:17:00,PCI_2,5,74922232.0,20687256.0,1175,5,801,11,11,10,28,25,16.97,8.15
2024-06-01T00:17:00,PCI_3,22,53425040.0,21712706.0,1024,14,751,21,15,15,43,40,23.07,22.41
2024-06-01T00:17:00,PCI_4,26,17987285.0,30634473.0,1128,14,988,19,14,11,55,33,16.06,21.08
2024-06-01T00:18:00,PCI_1,25,62498848.0,17127250.0,1025,38,732,29,13,8,26,26,5.82,23.55
2024-06-01T00:18:00,PCI_2,16,78454189.0,19405160.0,937,38,846,26,8,14,64,49,6.7,19.11
2024-06-01T00:18:00,PCI_3,10,36089164.0,6704447.0,1062,33,779,27,8,10,40,47,18.51,22.27
2024-06-01T00:18:00,PCI_4,23,66061011.0,6713730.0,932,27,932,3,15,9,58,44,17.44,25.16
2024-06-01T00:19:00,PCI_1,18,38094889.0,36347221.0,1033,5,985,16,8,12,31,42,9.75,25.06
2024-06-01T00:19:00,PCI_2,12,51322418.0,18892902.0,1101,23,804,24,8,10,58,51,22.73,11.75
2024-06-01T00:19:00,PCI_3,15,79912036.0,15372672.0,1103,7,902,12,14,14,40,43,7.74,19.5
2024-06-01T00:19:00,PCI_4,19,37465837.0,37035457.0,1022,11,999,26,9,11,51,44,7.69,15.31
2024-06-01T00:20:00,PCI_1,12,54417819.0,17015236.0,924,7,805,8,11,11,44,15,24.18,23.04
2024-06-01T00:20:00,PCI_2,27,26456798.0,16386996.0,1026,22,862,29,15,15,32,28,15.59,22.85
2024-06-01T00:20:00,PCI_3,26,32574464.0,10440455.0,964,25,885,20,9,10,21,26,10.66,19.23
2024-06-01T00:20:00,PCI_4,15,43338012.0,39814561.0,1162,13,937,18,12,13,55,40,21.29,26.05
2024-06-01T00:21:00,PCI_1,12,55704549.0,38437230.0,980,32,841,7,8,14,27,37,13.66,8.72
2024-06-01T00:21:00,PCI_2,6,27224663.0,7293565.0,1053,37,987,22,15,11,24,26,15.32,14.25
2024-06-01T00:21:00,PCI_3,24,58873281.0,12245719.0,914,6,955,6,8,15,48,30,12.88,16.33
2024-06-01T00:21:00,PCI_4,26,10086314.0,22785857.0,990,10,700,10,10,11,25,31,11.66,16.63
2024-06-01T00:22:00,PCI_1,10,26973800.0,21795219.0,1065,32,840,25,10,14,43,25,9.57,14.61
2024-06-01T00:22:00,PCI_2,16,59809063.0,10265890.0,1104,13,979,16,12,8,22,34,7.76,26.38
2024-06-01T00:22:00,PCI_3,8,53410450.0,13457362.0,926,5,979,8,8,8,56,16,16.8,24.99
2024-06-01T00:22:00,PCI_4,20,21392044.0,32052809.0,1070,22,701,10,15,14,58,36,10.09,26.38
2024-06-01T00:23:00,PCI_1,6,66921154.0,16143969.0,1067,20,990,19,10,12,60,54,17.01,12.33
2024-06-01T00:23:00,PCI_2,6,12088434.0,17126753.0,1139,23,824,20,11,8,34,47,8.31,22.5
2024-06-01T00:23:00,PCI_3,8,51568138.0,9410922.0,1153,29,790,22,15,14,57,27,18.86,11.46
2024-06-01T00:23:00,PCI_4,5,11160586.0,39757960.0,943,32,852,6,12,12,64,25,7.54,25.95
2024-06-01T00:24:00,PCI_1,9,13536379.0,25809866.0,927,35,824,17,10,9,27,39,18.27,24.72
2024-06-01T00:24:00,PCI_2,10,71172195.0,13878258.0,988,11,705,4,12,12,46,21,16.07,15.92
2024-06-01T00:24:00,PCI_3,11,78839195.0,19674534.0,1125,28,859,22,14,15,54,37,5.25,23.92
2024-06-01T00:24:00,PCI_4,7,72275950.0,18825253.0,1054,17,856,14,9,13,38,52,7.99,27.23
2024-06-01T00:25:00,PCI_1,29,24850319.0,21443031.0,979,11,904,8,15,15,61,49,22.57,15.58
2024-06-01T00:25:00,PCI_2,23,64807209.0,24947684.0,1120,19,855,5,11,8,53,41,23.08,25.31
2024-06-01T00:25:00,PCI_3,15,11619807.0,39272862.0,1158,32,850,5,13,15,20,23,19.39,25.75
2024-06-01T00:25:00,PCI_4,20,50669256.0,19319899.0,1013,27,818,19,8,12,34,28,23.71,17.35
2024-06-01T00:26:00,PCI_1,24,21401005.0,28959673.0,920,11,801,13,9,8,36,30,24.1,12.87
2024-06-01T00:26:00,PCI_2,27,29467935.0,12073084.0,1001,11,729,15,15,9,53,38,15.44,17.37
2024-06-01T00:26:00,PCI_3,7,55676344.0,22342729.0,1036,14,738,4,15,15,20,34,10.05,13.9
2024-06-01T00:26:00,PCI_4,27,78919803.0,39382834.0,933,15,929,11,10,15,59,45,6.44,10.76
2024-06-01T00:27:00,PCI_1,25,53172933.0,23982754.0,1182,15,766,17,14,12,39,18,10.07,11.21
2024-06-01T00:27:00,PCI_2,23,30722300.0,17993842.0,949,8,955,13,14,11,46,35,20.2,23.45
2024-06-01T00:27:00,PCI_3,10,17027695.0,14258893.0,912,12,881,28,15,9,38,19,8.59,16.27
2024-06-01T00:27:00,PCI_4,22,69593425.0,35610130.0,1153,7,834,8,13,10,31,50,15.62,12.97
2024-06-01T00:28:00,PCI_1,6,64415110.0,23118153.0,999,13,788,7,15,10,21,52,15.59,18.73
2024-06-01T00:28:00,PCI_2,8,76657480.0,21871077.0,1047,33,830,12,14,15,25,29,8.27,19.09
2024-06-01T00:28:00,PCI_3,14,74179389.0,16253655.0,1187,12,749,9,8,15,59,16,14.3,16.01
2024-06-01T00:28:00,PCI_4,29,67281551.0,30956512.0,1082,23,859,20,10,11,28,48,8.06,26.41
2024-06-01T00:29:00,PCI_1,6,53589612.0,31279350.0,1104,16,867,4,14,13,61,28,9.24,26.48
2024-06-01T00:29:00,PCI_2,5,79535795.0,14831374.0,1138,23,831,10,15,8,48,45,14.17,10.58
2024-06-01T00:29:00,PCI_3,8,32340955.0,30416304.0,1030,10,936,20,15,13,42,30,18.2,19.99
2024-06-01T00:29:00,PCI_4,13,22406485.0,28733292.0,1038,7,841,19,15,14,62,36,5.81,16.99
2024-06-01T00:30:00,PCI_1,16,56199700.0,15586810.0,986,36,923,23,12,10,32,54,12.33,22.77
2024-06-01T00:30:00,PCI_2,22,45625391.0,36748021.0,1184,18,820,27,10,11,45,20,17.94,14.85
2024-06-01T00:30:00,PCI_3,25,56724295.0,27943121.0,1108,19,839,14,8,13,31,20,5.4,14.53
2024-06-01T00:30:00,PCI_4,26,27267626.0,28374721.0,1098,33,759,7,9,9,55,52,10.5,10.77
2024-06-01T00:31:00,PCI_1,23,47945532.0,29548689.0,984,14,784,21,9,14,61,51,17.2,13.1
2024-06-01T00:31:00,PCI_2,29,37977329.0,28989970.0,1185,15,887,4,12,8,34,43,13.0,25.5
2024-06-01T00:31:00,PCI_3,26,32555097.0,24059194.0,1188,26,808,14,14,13,27,52,17.64,14.68
2024-06-01T00:31:00,PCI_4,28,69032602.0,39237155.0,1046,33,773,13,8,13,61,53,20.29,23.25
2024-06-01T00:32:00,PCI_1,20,30252410.0,14023294.0,931,21,887,15,13,11,51,24,13.2,12.38
2024-06-01T00:32:00,PCI_2,9,10525492.0,16764549.0,1075,28,944,10,11,14,58,37,21.78,10.77
2024-06-01T00:32:00,PCI_3,16,23481358.0,10388725.0,1109,32,881,6,15,8,25,30,17.39,26.66
2024-06-01T00:32:00,PCI_4,8,65351658.0,14472125.0,1026,15,994,20,11,15,23,52,18.27,10.24
2024-06-01T00:33:00,PCI_1,17,45053630.0,29015702.0,1113,34,872,7,12,14,27,31,24.84,27.99
2024-06-01T00:33:00,PCI_2,23,78366485.0,16141424.0,1095,6,854,5,10,11,24,42,13.5,9.03
2024-06-01T00:33:00,PCI_3,22,67486155.0,19583310.0,1010,28,928,12,14,11,34,46,19.98,24.03
2024-06-01T00:33:00,PCI_4,8,71534815.0,8363333.0,996,10,847,8,10,9,60,25,15.68,9.35
2024-06-01T00:34:00,PCI_1,26,12438685.0,27829016.0,1053,6,768,3,14,13,23,32,8.36,10.94
2024-06-01T00:34:00,PCI_2,18,67343992.0,8246463.0,1146,7,958,10,11,11,57,37,19.76,13.15
2024-06-01T00:34:00,PCI_3,22,35753304.0,12671623.0,998,31,760,16,11,13,44,45,20.03,10.38
2024-06-01T00:34:00,PCI_4,9,67617534.0,18947732.0,962,31,725,12,13,15,27,21,7.74,21.07
2024-06-01T00:35:00,PCI_1,28,71100127.0,11730524.0,953,20,975,13,15,12,28,50,18.12,13.78
2024-06-01T00:35:00,PCI_2,18,67998285.0,29868647.0,966,13,920,3,11,8,45,44,5.99,20.03
2024-06-01T00:35:00,PCI_3,11,67862804.0,24642807.0,1011,22,885,10,14,9,32,31,10.41,18.44
2024-06-01T00:35:00,PCI_4,21,14625545.0,5037361.0,1015,10,794,15,8,9,45,40,22.89,20.93
2024-06-01T00:36:00,PCI_1,25,75487936.0,7082034.0,1133,11,951,27,11,10,24,33,16.72,11.91
2024-06-01T00:36:00,PCI_2,7,24488961.0,19795691.0,964,15,903,3,12,9,29,50,7.69,25.21
2024-06-01T00:36:00,PCI_3,18,28536502.0,26366977.0,954,16,803,12,10,11,30,17,22.77,26.59
2024-06-01T00:36:00,PCI_4,7,53369848.0,9268914.0,961,29,729,23,9,14,24,17,20.09,24.4
2024-06-01T00:37:00,PCI_1,10,32675567.0,38202592.0,1107,23,742,29,11,8,39,16,21.12,11.41
2024-06-01T00:37:00,PCI_2,17,77961931.0,18325633.0,1073,33,993,11,14,11,42,36,16.7,10.56
2024-06-01T00:37:00,PCI_3,24,51253182.0,17553548.0,1096,16,765,8,14,13,64,19,13.63,20.66
2024-06-01T00:37:00,PCI_4,14,33048372.0,20786628.0,1022,18,978,24,15,12,61,44,14.24,21.18
2024-06-01T00:38:00,PCI_1,6,16624784.0,10812192.0,1005,24,810,11,11,12,63,28,12.78,12.29
2024-06-01T00:38:00,PCI_2,11,67875292.0,37462670.0,1116,32,868,23,9,12,53,36,18.38,9.05
2024-06-01T00:38:00,PCI_3,28,10323316.0,6348970.0,1096,38,954,13,12,15,24,51,16.25,8.53
2024-06-01T00:38:00,PCI_4,17,42603021.0,5191559.0,1104,16,923,7,12,14,58,24,11.61,25.58
2024-06-01T00:39:00,PCI_1,21,64243553.0,22380667.0,1196,18,955,18,9,9,22,25,24.31,27.27
2024-06-01T00:39:00,PCI_2,19,71470320.0,18106238.0,1060,32,956,25,8,8,28,52,21.22,17.64
2024-06-01T00:39:00,PCI_3,27,35898906.0,19616675.0,973,24,891,29,11,9,52,39,20.9,24.75
2024-06-01T00:39:00,PCI_4,26,11677925.0,23216011.0,935,7,785,22,12,11,33,44,18.8,11.27
2024-06-01T00:40:00,PCI_1,8,42320904.0,23278781.0,1087,28,734,13,8,15,55,39,7.79,11.77
2024-06-01T00:40:00,PCI_2,28,38349584.0,33313936.0,964,22,803,8,11,15,24,35,6.61,21.03
2024-06-01T00:40:00,PCI_3,8,12512922.0,23711026.0,1197,35,965,20,11,10,36,32,24.17,8.81
2024-06-01T00:40:00,PCI_4,27,13158032.0,37755594.0,1198,12,911,17,14,14,33,35,7.35,9.2
2024-06-01T00:41:00,PCI_1,6,49721368.0,18903166.0,901,34,981,7,15,14,52,36,6.26,27.38
2024-06-01T00:41:00,PCI_2,12,77506124.0,8300012.0,1033,15,793,24,13,14,28,35,19.16,24.6
2024-06-01T00:41:00,PCI_3,20,65705200.0,24098649.0,938,39,885,25,9,11,36,52,22.98,27.44
2024-06-01T00:41:00,PCI_4,16,37043902.0,17655966.0,1063,20,911,23,9,11,41,33,6.8,9.55
2024-06-01T00:42:00,PCI_1,25,12462319.0,10513317.0,1070,32,917,15,12,14,28,52,24.51,12.37
2024-06-01T00:42:00,PCI_2,29,26545230.0,6719118.0,961,18,854,20,10,9,62,49,6.27,11.9
2024-06-01T00:42:00,PCI_3,21,24130708.0,33020427.0,944,24,809,27,13,14,31,36,22.28,26.98
2024-06-01T00:42:00,PCI_4,10,40648910.0,38099278.0,1085,9,804,6,14,11,24,33,20.42,18.81
2024-06-01T00:43:00,PCI_1,9,40433182.0,13002596.0,1026,11,884,11,13,14,28,41,8.38,26.73
2024-06-01T00:43:00,PCI_2,17,46368472.0,22786752.0,1116,31,756,25,15,11,24,38,24.9,17.73
2024-06-01T00:43:00,PCI_3,23,25957744.0,27316314.0,1053,21,976,14,12,12,63,17,24.63,17.38
2024-06-01T00:43:00,PCI_4,6,67554948.0,27686431.0,915,22,969,10,13,14,41,43,13.56,20.76
2024-06-01T00:44:00,PCI_1,15,57029793.0,38620544.0,957,34,931,20,13,13,33,28,13.5,24.24
2024-06-01T00:44:00,PCI_2,16,25084660.0,31082134.0,1011,17,851,4,10,9,53,34,8.97,20.54
2024-06-01T00:44:00,PCI_3,19,76923266.0,10404808.0,934,31,767,27,8,10,52,25,10.83,18.59
2024-06-01T00:44:00,PCI_4,22,22262640.0,17518892.0,959,11,964,22,14,11,54,21,7.95,13.47
2024-06-01T00:45:00,PCI_1,25,14895214.0,21839309.0,974,15,814,6,13,9,51,37,19.96,24.3
2024-06-01T00:45:00,PCI_2,11,35256739.0,11172445.0,1134,12,834,14,9,11,56,26,12.84,12.82
2024-06-01T00:45:00,PCI_3,14,40717519.0,15603762.0,1172,31,752,11,9,14,28,25,9.72,23.26
2024-06-01T00:45:00,PCI_4,21,70702059.0,39959037.0,1010,7,979,12,11,12,42,40,22.8,26.17
2024-06-01T00:46:00,PCI_1,22,43404044.0,22301009.0,1051,32,807,15,8,11,54,18,16.36,19.04
2024-06-01T00:46:00,PCI_2,10,65510349.0,34674290.0,1022,27,950,29,14,15,24,43,22.46,25.8
2024-06-01T00:46:00,PCI_3,25,75716375.0,17062431.0,948,16,738,13,12,15,53,25,10.93,11.4
2024-06-01T00:46:00,PCI_4,28,38201573.0,34194231.0,1067,12,758,23,8,13,22,40,8.84,11.51
2024-06-01T00:47:00,PCI_1,24,57439603.0,33506586.0,967,33,993,10,9,11,61,51,10.52,27.29
2024-06-01T00:47:00,PCI_2,15,27712432.0,32152688.0,970,24,779,3,12,14,39,54,12.57,24.7
2024-06-01T00:47:00,PCI_3,14,12705102.0,12279933.0,1152,12,902,3,15,15,45,37,21.2,9.78
2024-06-01T00:47:00,PCI_4,14,23218549.0,11842354.0,1055,9,818,12,12,11,53,21,14.59,25.24
2024-06-01T00:48:00,PCI_1,9,38234808.0,37317144.0,1057,27,921,21,11,8,26,54,19.6,23.09
2024-06-01T00:48:00,PCI_2,10,22976269.0,21233984.0,973,38,729,14,9,10,41,20,20.92,26.15
2024-06-01T00:48:00,PCI_3,7,19452667.0,38032943.0,1061,33,890,10,10,12,47,25,9.49,24.93
2024-06-01T00:48:00,PCI_4,9,54747524.0,32401685.0,1020,27,819,9,9,9,21,18,23.35,25.02
2024-06-01T00:49:00,PCI_1,26,31406016.0,26662073.0,974,34,721,9,14,12,43,17,7.57,23.62
2024-06-01T00:49:00,PCI_2,16,71367470.0,23461017.0,1127,10,981,5,15,13,52,54,21.41,22.99
2024-06-01T00:49:00,PCI_3,12,45369385.0,25392552.0,1086,15,827,6,12,14,64,24,20.74,26.26
2024-06-01T00:49:00,PCI_4,21,46616335.0,11598558.0,1018,32,774,23,10,14,53,26,24.21,22.44
2024-06-01T00:50:00,PCI_1,13,43175292.0,39532006.0,1144,37,747,29,13,9,37,29,13.25,25.51
2024-06-01T00:50:00,PCI_2,14,78598498.0,35923544.0,928,8,785,16,14,10,55,39,20.4,14.74
2024-06-01T00:50:00,PCI_3,28,25411052.0,29917123.0,970,26,788,20,8,10,62,48,14.91,9.1
2024-06-01T00:50:00,PCI_4,5,37750536.0,38080190.0,1069,20,804,25,14,8,58,45,19.99,13.15
2024-06-01T00:51:00,PCI_1,12,47190493.0,32274448.0,1057,35,766,23,9,14,53,50,9.61,8.54
2024-06-01T00:51:00,PCI_2,20,62079631.0,23606452.0,973,16,987,14,8,11,51,19,13.99,20.81
2024-06-01T00:51:00,PCI_3,6,50502651.0,9935955.0,993,12,705,26,10,10,57,47,23.06,26.44
2024-06-01T00:51:00,PCI_4,10,16300097.0,9203872.0,1191,33,799,25,11,8,27,26,24.8,9.48
2024-06-01T00:52:00,PCI_1,7,54163841.0,35876127.0,909,9,858,25,14,10,53,38,15.44,22.25
2024-06-01T00:52:00,PCI_2,16,21879987.0,32880011.0,1091,19,834,22,14,10,35,21,8.07,12.93
2024-06-01T00:52:00,PCI_3,21,15442127.0,31775854.0,1139,34,906,11,14,9,62,42,9.33,21.78
2024-06-01T00:52:00,PCI_4,19,30288388.0,24399996.0,992,27,972,6,10,12,33,54,17.21,20.47
2024-06-01T00:53:00,PCI_1,18,15184939.0,20639359.0,1177,9,798,21,13,8,47,41,6.73,12.45
2024-06-01T00:53:00,PCI_2,10,68082494.0,24102940.0,1022,16,832,25,8,14,53,45,14.45,17.98
2024-06-01T00:53:00,PCI_3,28,52139787.0,30813030.0,924,26,916,28,12,8,61,34,15.31,17.63
2024-06-01T00:53:00,PCI_4,16,77353999.0,20770176.0,921,23,976,12,12,9,42,37,9.34,9.9
2024-06-01T00:54:00,PCI_1,18,12250436.0,24949402.0,1076,5,893,14,13,15,36,45,23.82,11.35
2024-06-01T00:54:00,PCI_2,21,38858102.0,31587507.0,946,19,887,8,9,9,34,30,23.12,18.0
2024-06-01T00:54:00,PCI_3,25,30082469.0,13765158.0,946,31,847,25,9,13,36,54,16.65,27.87
2024-06-01T00:54:00,PCI_4,20,70197938.0,37652671.0,978,5,997,5,10,9,43,28,15.57,24.66
2024-06-01T00:55:00,PCI_1,16,73427477.0,32945692.0,967,15,981,14,15,15,30,54,11.42,18.95
2024-06-01T00:55:00,PCI_2,20,38582612.0,31221096.0,980,7,868,7,14,10,42,38,11.61,10.54
2024-06-01T00:55:00,PCI_3,6,63153877.0,24389339.0,1029,11,859,25,9,9,64,32,11.33,11.54
2024-06-01T00:55:00,PCI_4,6,13845449.0,25360455.0,906,13,896,27,14,8,32,42,21.98,11.11
2024-06-01T00:56:00,PCI_1,14,66192658.0,36256837.0,1055,26,768,15,8,9,50,32,8.57,26.08
2024-06-01T00:56:00,PCI_2,10,56199037.0,30368589.0,903,16,864,21,9,12,26,50,24.06,17.88
2024-06-01T00:56:00,PCI_3,23,13217427.0,17327437.0,1067,15,976,15,9,11,54,29,5.37,16.78
2024-06-01T00:56:00,PCI_4,24,66736380.0,29909704.0,1113,24,893,9,8,8,47,40,14.5,20.07
2024-06-01T00:57:00,PCI_1,19,38975122.0,11183344.0,1108,13,753,4,11,9,58,23,23.51,12.03
2024-06-01T00:57:00,PCI_2,28,76635015.0,5421815.0,1147,26,978,17,14,14,20,27,24.4,26.12
2024-06-01T00:57:00,PCI_3,6,52967978.0,26515786.0,969,38,757,17,14,11,55,18,16.44,11.07
2024-06-01T00:57:00,PCI_4,23,69428490.0,21536404.0,1025,28,921,22,13,12,23,43,11.24,27.39
2024-06-01T00:58:00,PCI_1,14,42474560.0,37989894.0,939,30,707,12,9,12,63,21,9.3,25.19
2024-06-01T00:58:00,PCI_2,11,53306243.0,37433467.0,1120,27,813,8,8,10,58,46,18.86,27.75
2024-06-01T00:58:00,PCI_3,26,14987113.0,21635697.0,1062,10,835,5,10,14,50,41,10.7,14.7
2024-06-01T00:58:00,PCI_4,26,41247264.0,38354131.0,1126,5,953,22,10,13,43,27,7.32,25.7
2024-06-01T00:59:00,PCI_1,9,13316075.0,15030782.0,1106,22,784,6,13,11,32,21,13.82,16.29
2024-06-01T00:59:00,PCI_2,5,53007027.0,18080130.0,941,23,856,10,10,13,32,32,7.17,8.28
2024-06-01T00:59:00,PCI_3,24,36448635.0,23565441.0,1035,13,800,15,14,9,34,30,5.44,18.3
2024-06-01T00:59:00,PCI_4,7,64797440.0,37984149.0,1078,31,803,26,10,8,38,44,17.03,23.28
2024-06-01T01:00:00,PCI_1,11,78670337.0,6482114.0,1171,14,930,24,15,10,42,40,15.94,10.93
2024-06-01T01:00:00,PCI_2,5,41675555.0,34492912.0,1033,32,800,5,12,10,64,22,14.6,27.56
2024-06-01T01:00:00,PCI_3,23,28606659.0,22642237.0,987,21,705,6,15,8,29,17,13.47,26.6
2024-06-01T01:00:00,PCI_4,11,45318167.0,35083578.0,927,30,850,29,9,11,63,53,10.59,25.11
2024-06-01T01:01:00,PCI_1,10,31098045.0,6087436.0,1158,18,798,17,9,11,61,54,9.0,21.6
2024-06-01T01:01:00,PCI_2,11,34865248.0,17210123.0,1017,21,754,16,10,13,50,29,14.33,15.23
2024-06-01T01:01:00,PCI_3,6,33985521.0,6364278.0,930,34,716,18,15,12,31,23,7.48,12.77
2024-06-01T01:01:00,PCI_4,25,75583510.0,26228624.0,1048,28,924,12,9,13,25,26,19.27,27.86
2024-06-01T01:02:00,PCI_1,25,22453874.0,26458830.0,1046,16,858,7,12,10,25,35,23.55,13.29
2024-06-01T01:02:00,PCI_2,11,29173432.0,6148350.0,904,14,711,28,10,10,24,45,8.86,15.57
2024-06-01T01:02:00,PCI_3,13,11764346.0,12074001.0,1025,18,994,12,8,10,35,28,24.82,26.57
2024-06-01T01:02:00,PCI_4,12,64175761.0,31766484.0,1126,6,851,24,13,14,43,52,22.91,16.69
2024-06-01T01:03:00,PCI_1,6,16603905.0,39799421.0,936,31,914,24,15,11,54,27,6.87,21.12
2024-06-01T01:03:00,PCI_2,24,52168718.0,34990114.0,1131,9,710,21,10,8,54,44,10.52,16.28
2024-06-01T01:03:00,PCI_3,29,39757184.0,35779411.0,1155,6,897,15,11,9,40,25,22.87,16.52
2024-06-01T01:03:00,PCI_4,15,28016062.0,22593776.0,981,31,798,22,8,9,42,17,12.04,19.32
2024-06-01T01:04:00,PCI_1,21,64930541.0,38865756.0,1065,19,844,25,15,12,63,25,7.84,18.53
2024-06-01T01:04:00,PCI_2,19,28441452.0,37535964.0,1151,24,750,9,15,8,56,27,16.28,22.42
2024-06-01T01:04:00,PCI_3,5,45857008.0,14049501.0,978,7,801,19,8,8,28,47,7.37,26.74
2024-06-01T01:04:00,PCI_4,13,51134448.0,30132182.0,1098,14,968,9,11,11,28,25,8.13,10.08
2024-06-01T01:05:00,PCI_1,11,74565035.0,8071578.0,1116,39,929,15,11,15,34,49,23.59,26.95
2024-06-01T01:05:00,PCI_2,16,39131318.0,11651583.0,934,17,794,11,12,15,35,42,10.07,22.11
2024-06-01T01:05:00,PCI_3,7,55882157.0,8290742.0,1083,7,877,4,10,14,25,41,19.97,25.53
2024-06-01T01:05:00,PCI_4,14,47602085.0,15390397.0,1184,22,740,25,14,8,34,52,12.38,13.09
2024-06-01T01:06:00,PCI_1,12,37170768.0,17088419.0,1099,18,756,8,13,13,51,25,20.44,15.58
2024-06-01T01:06:00,PCI_2,18,73685830.0,32778542.0,1060,15,876,10,10,8,63,26,13.58,21.97
2024-06-01T01:06:00,PCI_3,16,18859465.0,31303185.0,1061,39,940,15,12,8,20,18,19.47,25.39
2024-06-01T01:06:00,PCI_4,23,68971850.0,35416883.0,1052,25,888,28,8,8,47,32,16.12,12.33
2024-06-01T01:07:00,PCI_1,5,33731654.0,29632219.0,946,35,925,20,9,10,41,31,6.87,25.76
2024-06-01T01:07:00,PCI_2,12,78044912.0,29786457.0,961,29,929,5,12,12,28,26,11.15,13.98
2024-06-01T01:07:00,PCI_3,27,61064656.0,38210582.0,1108,6,721,22,8,10,47,16,14.43,17.72
2024-06-01T01:07:00,PCI_4,18,40180567.0,25935876.0,1126,35,830,5,13,15,34,46,24.9,9.57
2024-06-01T01:08:00,PCI_1,8,22217599.0,31742662.0,1017,18,700,7,10,14,54,29,23.38,8.65
2024-06-01T01:08:00,PCI_2,7,28391072.0,39511041.0,1048,38,720,3,10,9,38,44,8.96,19.47
2024-06-01T01:08:00,PCI_3,12,19700639.0,19993743.0,1026,22,949,18,14,8,26,30,22.36,15.39
2024-06-01T01:08:00,PCI_4,9,14839671.0,30475831.0,1106,24,870,20,15,10,23,27,19.47,9.33
2024-06-01T01:09:00,PCI_1,12,13940217.0,34877056.0,1197,35,912,25,8,13,23,18,15.97,16.52
2024-06-01T01:09:00,PCI_2,17,79236436.0,10254534.0,970,14,938,26,12,14,42,16,6.03,17.55
2024-06-01T01:09:00,PCI_3,24,39300235.0,17830337.0,929,36,733,20,10,10,61,42,14.24,14.54
2024-06-01T01:09:00,PCI_4,14,20495903.0,35523651.0,1056,29,791,23,9,12,31,49,7.68,21.88
2024-06-01T01:10:00,PCI_1,19,13307524.0,31678797.0,1190,34,729,9,8,9,39,21,5.9,22.96
2024-06-01T01:10:00,PCI_2,23,35144308.0,5382715.0,1196,8,721,25,10,12,46,28,24.82,13.15
2024-06-01T01:10:00,PCI_3,20,65458959.0,31357565.0,1018,11,851,6,12,11,37,37,21.12,12.95
2024-06-01T01:10:00,PCI_4,13,75236106.0,28866357.0,1167,23,866,23,15,15,33,49,13.34,18.75
2024-06-01T01:11:00,PCI_1,29,14716201.0,37601168.0,1175,22,804,5,12,14,37,24,8.96,23.31
2024-06-01T01:11:00,PCI_2,23,14803460.0,29214647.0,937,34,729,7,14,13,60,52,20.15,24.56
2024-06-01T01:11:00,PCI_3,28,76988011.0,25563262.0,1167,30,963,18,13,9,41,27,13.74,23.12
2024-06-01T01:11:00,PCI_4,10,47760643.0,21848139.0,1099,18,999,16,14,12,27,15,5.98,16.09
2024-06-01T01:12:00,PCI_1,20,54908304.0,32658510.0,1155,25,927,18,13,14,35,41,15.75,20.12
2024-06-01T01:12:00,PCI_2,18,71109105.0,28766804.0,1087,32,730,5,10,8,32,48,16.85,12.43
2024-06-01T01:12:00,PCI_3,29,33701401.0,20618751.0,904,30,969,25,12,14,37,38,19.47,18.4
2024-06-01T01:12:00,PCI_4,8,23511763.0,18068424.0,1159,14,810,11,15,15,22,46,15.1,12.7
2024-06-01T01:13:00,PCI_1,26,64075406.0,33094674.0,1183,8,767,12,11,12,21,47,17.17,27.18
2024-06-01T01:13:00,PCI_2,28,71856640.0,23274951.0,933,11,820,8,15,12,22,53,9.23,24.39
2024-06-01T01:13:00,PCI_3,24,68040534.0,14701935.0,1103,22,759,3,15,14,48,42,23.81,26.74
2024-06-01T01:13:00,PCI_4,16,39383576.0,9180695.0,915,6,859,24,10,8,48,50,9.65,24.73
2024-06-01T01:14:00,PCI_1,29,21424468.0,24716068.0,1008,10,706,9,9,14,61,36,17.52,26.24
2024-06-01T01:14:00,PCI_2,27,68036131.0,27095007.0,1010,20,745,28,12,12,61,16,17.78,21.81
2024-06-01T01:14:00,PCI_3,9,36409729.0,5433902.0,1057,5,710,28,14,14,60,38,15.14,16.74
2024-06-01T01:14:00,PCI_4,18,36269470.0,38947616.0,1052,23,801,25,11,9,31,20,11.39,13.88
2024-06-01T01:15:00,PCI_1,23,29965476.0,29247005.0,1065,24,772,16,15,15,24,40,10.25,17.27
2024-06-01T01:15:00,PCI_2,21,62271220.0,23080108.0,907,35,709,25,13,12,47,39,12.92,8.83
2024-06-01T01:15:00,PCI_3,14,49030845.0,31285306.0,1117,8,837,20,8,11,23,54,15.9,20.4
2024-06-01T01:15:00,PCI_4,8,74832754.0,5910609.0,1148,14,909,24,10,14,58,52,6.53,11.89
2024-06-01T01:16:00,PCI_1,10,41576311.0,19082981.0,1005,5,880,15,9,14,59,28,22.86,21.05
2024-06-01T01:16:00,PCI_2,27,16211415.0,19239954.0,1130,35,737,25,15,15,33,44,24.01,16.22
2024-06-01T01:16:00,PCI_3,17,20091000.0,26496958.0,1150,28,856,15,8,14,51,45,18.32,15.02
2024-06-01T01:16:00,PCI_4,17,64102656.0,14489826.0,969,15,965,27,9,11,56,36,8.95,25.22
2024-06-01T01:17:00,PCI_1,27,25983536.0,37613850.0,1067,33,974,27,15,15,35,50,13.45,19.21
2024-06-01T01:17:00,PCI_2,11,15769959.0,22379771.0,1071,17,802,4,14,15,32,41,17.6,18.42
2024-06-01T01:17:00,PCI_3,11,23886807.0,30081796.0,955,20,772,15,14,14,47,23,16.5,25.26
2024-06-01T01:17:00,PCI_4,23,65912488.0,28260290.0,1127,14,787,25,9,14,59,28,24.86,16.4
2024-06-01T01:18:00,PCI_1,27,37609815.0,24791307.0,970,33,818,23,15,12,23,33,9.52,24.81
2024-06-01T01:18:00,PCI_2,11,44412723.0,33203594.0,931,29,818,27,11,15,37,37,6.4,19.5
2024-06-01T01:18:00,PCI_3,12,43031650.0,25369970.0,1016,21,790,19,11,9,45,32,14.44,24.36
2024-06-01T01:18:00,PCI_4,25,69755547.0,10372227.0,1050,29,923,4,8,12,35,41,10.71,22.78
2024-06-01T01:19:00,PCI_1,17,76405253.0,18345764.0,1008,13,922,21,12,8,27,25,24.74,25.5
2024-06-01T01:19:00,PCI_2,5,37531132.0,35475668.0,1162,11,749,24,14,13,56,36,15.65,15.76
2024-06-01T01:19:00,PCI_3,17,26096361.0,10963703.0,1119,33,867,22,15,12,20,33,24.44,12.95
2024-06-01T01:19:00,PCI_4,26,25847828.0,22611248.0,1092,15,774,25,12,15,26,16,5.24,19.13
2024-06-01T01:20:00,PCI_1,21,21755659.0,30928533.0,1055,22,976,24,11,14,31,29,7.73,15.87
2024-06-01T01:20:00,PCI_2,12,48852960.0,16693285.0,1135,23,967,27,12,10,20,43,14.2,11.63
2024-06-01T01:20:00,PCI_3,29,69108603.0,11124224.0,917,23,777,22,8,9,24,38,12.21,23.66
2024-06-01T01:20:00,PCI_4,17,12305521.0,12885407.0,1129,11,761,23,8,13,28,45,21.75,9.62
2024-06-01T01:21:00,PCI_1,17,57190715.0,23378263.0,1070,35,821,24,13,11,60,49,23.38,10.01
2024-06-01T01:21:00,PCI_2,28,41168583.0,28637056.0,1095,25,794,3,8,14,23,38,24.82,11.24
2024-06-01T01:21:00,PCI_3,10,34830772.0,27700888.0,989,32,765,26,14,12,26,16,10.19,10.7
2024-06-01T01:21:00,PCI_4,20,34598760.0,12582170.0,1054,21,735,24,14,13,24,18,18.74,18.78
2024-06-01T01:22:00,PCI_1,22,61788177.0,39595659.0,1073,37,836,13,8,14,44,48,16.59,20.54
2024-06-01T01:22:00,PCI_2,24,79875994.0,22236202.0,1153,34,805,17,12,8,50,45,16.92,10.38
2024-06-01T01:22:00,PCI_3,24,21602706.0,6573748.0,983,13,891,11,9,9,45,44,18.87,8.8
2024-06-01T01:22:00,PCI_4,12,51770845.0,20211146.0,1161,20,708,15,8,15,45,35,10.76,21.58
2024-06-01T01:23:00,PCI_1,28,42564873.0,12699770.0,1082,6,963,28,13,14,63,54,19.73,12.44
2024-06-01T01:23:00,PCI_2,25,57869128.0,27510864.0,1143,35,835,17,15,13,40,23,10.41,15.43
2024-06-01T01:23:00,PCI_3,18,27174939.0,12329955.0,1083,6,757,24,11,10,37,32,9.65,9.28
2024-06-01T01:23:00,PCI_4,14,40192280.0,33526569.0,1076,7,930,22,11,10,36,39,20.16,26.79
2024-06-01T01:24:00,PCI_1,5,39009909.0,23384911.0,1039,28,987,14,11,9,28,44,7.09,16.3
2024-06-01T01:24:00,PCI_2,18,75149783.0,6267782.0,995,34,737,25,14,12,38,41,14.15,8.41
2024-06-01T01:24:00,PCI_3,7,38091443.0,23516379.0,1029,13,976,6,10,12,59,23,8.24,9.87
2024-06-01T01:24:00,PCI_4,18,25527631.0,5848027.0,900,16,864,11,11,15,34,33,7.17,10.54
2024-06-01T01:25:00,PCI_1,21,79068874.0,8095357.0,958,10,965,29,12,11,45,39,9.08,20.46
2024-06-01T01:25:00,PCI_2,28,20445941.0,39897415.0,1192,24,826,6,11,11,37,32,17.98,27.36
2024-06-01T01:25:00,PCI_3,20,20442893.0,23668560.0,1077,7,822,27,13,9,37,37,14.12,11.1
2024-06-01T01:25:00,PCI_4,5,59620345.0,39978651.0,1102,33,773,9,12,8,58,50,8.22,21.48
2024-06-01T01:26:00,PCI_1,15,35562929.0,29404880.0,1081,7,750,18,12,12,31,42,9.15,19.26
2024-06-01T01:26:00,PCI_2,16,32510887.0,8006017.0,1078,30,964,27,15,9,50,46,5.22,27.73
2024-06-01T01:26:00,PCI_3,21,39279412.0,16354198.0,1150,12,739,25,10,12,64,21,24.15,25.51
2024-06-01T01:26:00,PCI_4,8,73936677.0,23125750.0,1139,37,746,5,9,10,54,22,8.14,8.24
2024-06-01T01:27:00,PCI_1,21,17053306.0,25726256.0,997,13,904,27,15,8,26,46,15.86,14.41
2024-06-01T01:27:00,PCI_2,9,42839341.0,27778429.0,977,34,785,7,10,9,45,54,23.61,18.11
2024-06-01T01:27:00,PCI_3,10,71256993.0,26476190.0,1020,33,758,20,13,14,50,43,6.99,20.13
2024-06-01T01:27:00,PCI_4,6,48422131.0,10611834.0,983,11,719,23,9,12,30,34,20.82,24.44
2024-06-01T01:28:00,PCI_1,6,55857972.0,12353049.0,942,15,974,17,11,14,59,37,6.96,24.58
2024-06-01T01:28:00,PCI_2,23,15913663.0,32104624.0,1193,27,878,15,13,12,31,26,7.22,9.59
2024-06-01T01:28:00,PCI_3,17,58873317.0,14751212.0,1127,31,777,10,14,15,34,50,23.96,9.83
2024-06-01T01:28:00,PCI_4,14,61963286.0,21598490.0,1112,25,797,14,8,12,30,30,11.28,10.83
2024-06-01T01:29:00,PCI_1,21,65293419.0,7256010.0,1016,14,954,26,11,10,20,39,9.6,27.71
2024-06-01T01:29:00,PCI_2,5,22901700.0,27243945.0,976,9,911,22,15,11,47,51,23.49,23.29
2024-06-01T01:29:00,PCI_3,9,54976812.0,37153262.0,1033,20,816,23,11,14,29,54,22.73,9.95
2024-06-01T01:29:00,PCI_4,20,44687436.0,26607148.0,974,33,894,3,9,9,55,39,9.31,13.4
2024-06-01T01:30:00,PCI_1,9,36174529.0,20611110.0,969,25,940,14,15,15,26,24,8.64,22.63
2024-06-01T01:30:00,PCI_2,29,67103453.0,30324577.0,1022,7,834,11,8,14,20,36,23.14,14.75
2024-06-01T01:30:00,PCI_3,10,17973508.0,28075997.0,902,26,726,19,9,10,54,25,20.22,14.33
2024-06-01T01:30:00,PCI_4,18,74336099.0,35618810.0,1134,37,761,15,9,15,40,44,22.01,27.29
2024-06-01T01:31:00,PCI_1,13,28038096.0,10947921.0,938,21,970,4,11,15,31,18,8.91,27.19
2024-06-01T01:31:00,PCI_2,21,33203203.0,27624946.0,1185,29,928,10,11,9,48,17,23.75,14.04
2024-06-01T01:31:00,PCI_3,5,54271236.0,10582258.0,1104,13,812,22,11,14,46,41,10.41,13.46
2024-06-01T01:31:00,PCI_4,13,41792531.0,11664683.0,1101,27,748,27,13,9,34,47,15.83,10.58
2024-06-01T01:32:00,PCI_1,10,16882161.0,6503517.0,1087,29,919,28,15,10,25,32,20.22,24.86
2024-06-01T01:32:00,PCI_2,14,31233634.0,11055837.0,1116,24,717,4,11,15,54,16,6.27,24.54
2024-06-01T01:32:00,PCI_3,8,22865445.0,5028862.0,1021,27,710,22,14,9,23,43,12.08,10.48
2024-06-01T01:32:00,PCI_4,6,13983924.0,37060919.0,1079,18,755,16,11,10,34,16,24.64,27.29
2024-06-01T01:33:00,PCI_1,6,16733370.0,11599603.0,1183,9,716,22,13,12,23,39,17.08,27.73
2024-06-01T01:33:00,PCI_2,29,57460809.0,6406355.0,922,28,901,7,9,14,51,37,12.29,8.09
2024-06-01T01:33:00,PCI_3,25,22164382.0,7019244.0,911,22,887,28,11,15,54,25,19.54,25.28
2024-06-01T01:33:00,PCI_4,9,11879904.0,24370098.0,924,10,742,18,11,13,32,26,17.96,15.76
2024-06-01T01:34:00,PCI_1,19,63305542.0,37295868.0,977,24,873,5,15,14,45,21,17.99,26.56
2024-06-01T01:34:00,PCI_2,6,17664113.0,8337371.0,1175,34,825,5,13,10,20,24,19.03,23.81
2024-06-01T01:34:00,PCI_3,11,10909534.0,14820602.0,1192,25,902,6,10,8,58,44,10.48,24.24
2024-06-01T01:34:00,PCI_4,8,66548374.0,28701159.0,999,6,927,10,11,9,51,22,17.96,17.67
2024-06-01T01:35:00,PCI_1,14,21497737.0,9639121.0,950,20,771,6,8,11,25,35,10.7,15.1
2024-06-01T01:35:00,PCI_2,19,74341193.0,15497372.0,1186,30,796,20,9,8,60,52,16.12,14.91
2024-06-01T01:35:00,PCI_3,8,48710910.0,14482214.0,984,33,883,26,15,15,33,33,5.75,24.08
2024-06-01T01:35:00,PCI_4,19,13008259.0,7776091.0,1046,8,730,24,9,13,33,25,6.44,17.54
2024-06-01T01:36:00,PCI_1,29,76607954.0,9906291.0,1152,16,719,9,14,15,42,22,16.9,20.83
2024-06-01T01:36:00,PCI_2,25,43842806.0,23667551.0,1187,29,912,18,9,10,51,37,7.11,21.29
2024-06-01T01:36:00,PCI_3,9,54711164.0,26996682.0,1042,6,710,10,9,9,24,18,6.8,16.67
2024-06-01T01:36:00,PCI_4,19,44409604.0,22044373.0,1026,21,805,19,8,15,52,44,20.13,17.94
2024-06-01T01:37:00,PCI_1,16,27915736.0,39979312.0,1158,21,739,3,10,8,26,52,5.95,9.24
2024-06-01T01:37:00,PCI_2,6,75337185.0,37791729.0,1115,12,707,15,12,12,46,27,17.33,13.84
2024-06-01T01:37:00,PCI_3,7,31785618.0,5436298.0,1045,7,757,22,8,15,59,19,19.15,24.03
2024-06-01T01:37:00,PCI_4,15,69414046.0,22726566.0,1030,24,881,8,12,9,58,52,23.88,13.5
2024-06-01T01:38:00,PCI_1,9,46726726.0,35909441.0,1107,5,723,9,10,14,40,29,15.42,14.8
2024-06-01T01:38:00,PCI_2,7,45209668.0,28516066.0,987,30,946,13,14,14,27,22,16.79,23.48
2024-06-01T01:38:00,PCI_3,27,33026056.0,22342197.0,998,18,967,3,8,10,43,19,16.21,17.61
2024-06-01T01:38:00,PCI_4,12,34235012.0,25480174.0,1006,24,903,7,14,12,50,49,11.29,14.61
2024-06-01T01:39:00,PCI_1,14,72489426.0,6270699.0,1075,29,798,20,11,14,37,20,8.26,18.14
2024-06-01T01:39:00,PCI_2,27,41844766.0,38399390.0,1156,30,827,19,8,10,20,41,22.33,26.45
2024-06-01T01:39:00,PCI_3,29,76117077.0,20374522.0,1099,24,855,8,12,9,45,42,7.77,21.97
2024-06-01T01:39:00,PCI_4,23,74885125.0,7617354.0,980,13,992,20,13,8,21,24,18.84,20.96
2024-06-01T01:40:00,PCI_1,17,71459362.0,33437772.0,1155,7,858,25,15,11,39,35,10.03,18.12
2024-06-01T01:40:00,PCI_2,8,45782107.0,6903369.0,1054,30,730,24,11,10,49,54,9.64,20.4
2024-06-01T01:40:00,PCI_3,12,33958835.0,28065142.0,919,32,914,4,14,8,22,49,8.08,18.57
2024-06-01T01:40:00,PCI_4,28,67512920.0,24688484.0,1020,28,725,26,9,12,59,42,24.69,12.96
2024-06-01T01:41:00,PCI_1,16,10495975.0,25868379.0,1124,7,745,18,10,10,64,28,8.76,8.81
2024-06-01T01:41:00,PCI_2,13,57535195.0,31479144.0,979,35,809,5,10,10,59,20,21.43,21.84
2024-06-01T01:41:00,PCI_3,8,64759875.0,37814784.0,1143,24,891,3,15,9,21,16,5.41,23.84
2024-06-01T01:41:00,PCI_4,5,30173951.0,31296332.0,1170,14,835,15,8,14,55,28,17.39,14.03
2024-06-01T01:42:00,PCI_1,17,48663293.0,19332582.0,1044,15,938,29,11,11,56,32,13.65,24.53
2024-06-01T01:42:00,PCI_2,19,40950399.0,29683402.0,1065,20,972,7,8,14,61,26,16.26,22.0
2024-06-01T01:42:00,PCI_3,24,44886218.0,25589399.0,959,31,765,21,9,15,33,44,22.12,20.2
2024-06-01T01:42:00,PCI_4,22,63080968.0,18721486.0,900,17,738,18,11,14,56,24,13.28,19.41
2024-06-01T01:43:00,PCI_1,5,44759117.0,33347777.0,1015,5,883,20,12,12,63,43,10.56,27.18
2024-06-01T01:43:00,PCI_2,29,74323681.0,31438004.0,1104,26,912,6,15,12,64,24,8.44,18.87
2024-06-01T01:43:00,PCI_3,26,36665824.0,22708755.0,1142,31,858,17,8,15,47,49,7.17,11.07
2024-06-01T01:43:00,PCI_4,6,11154388.0,21571639.0,1029,18,951,29,8,9,41,34,19.1,23.91
2024-06-01T01:44:00,PCI_1,10,72215685.0,24043433.0,1082,12,913,18,10,12,56,21,9.5,14.6
2024-06-01T01:44:00,PCI_2,29,18011172.0,34818776.0,1165,27,841,14,11,14,41,53,16.06,14.88
2024-06-01T01:44:00,PCI_3,28,74808953.0,26794197.0,944,23,784,10,11,11,21,46,19.22,18.08
2024-06-01T01:44:00,PCI_4,29,66853339.0,35125668.0,1054,7,971,26,8,11,28,26,21.74,14.14
2024-06-01T01:45:00,PCI_1,27,32562380.0,18545599.0,953,31,999,6,11,9,30,27,10.13,22.91
2024-06-01T01:45:00,PCI_2,24,38118914.0,30286724.0,1146,10,722,4,11,15,54,40,21.01,15.81
2024-06-01T01:45:00,PCI_3,16,32964980.0,33209670.0,934,21,923,24,14,11,37,26,5.89,27.95
2024-06-01T01:45:00,PCI_4,28,40682142.0,15039244.0,926,24,960,23,10,9,59,27,15.02,12.4
2024-06-01T01:46:00,PCI_1,11,23926970.0,12902245.0,1032,37,931,3,9,10,42,20,11.55,20.3
2024-06-01T01:46:00,PCI_2,22,35585231.0,10590846.0,1096,5,967,27,14,10,47,37,24.29,20.44
2024-06-01T01:46:00,PCI_3,15,49245699.0,35980701.0,973,14,918,15,13,9,26,48,17.85,11.8
2024-06-01T01:46:00,PCI_4,19,39097839.0,25615729.0,1101,12,731,23,10,8,63,35,21.44,12.33
2024-06-01T01:47:00,PCI_1,22,67108335.0,11176105.0,978,33,851,17,8,11,49,26,20.12,15.0
2024-06-01T01:47:00,PCI_2,26,30813067.0,12356740.0,915,13,816,10,15,10,31,32,9.06,14.35
2024-06-01T01:47:00,PCI_3,21,14010352.0,12443615.0,1161,7,850,7,15,15,60,31,22.8,21.59
2024-06-01T01:47:00,PCI_4,10,19001196.0,18299944.0,1172,18,772,9,8,12,38,28,12.2,20.22
2024-06-01T01:48:00,PCI_1,24,32542386.0,25003053.0,1121,15,711,12,15,10,61,46,6.07,22.76
2024-06-01T01:48:00,PCI_2,17,22913011.0,8309437.0,983,5,751,29,12,10,39,44,24.05,20.3
2024-06-01T01:48:00,PCI_3,20,47978085.0,31318268.0,1005,18,905,4,8,15,30,39,10.99,8.95
2024-06-01T01:48:00,PCI_4,27,27084395.0,25091943.0,1027,21,707,4,15,13,39,44,6.22,11.06
2024-06-01T01:49:00,PCI_1,27,70731851.0,31543030.0,1098,16,772,21,13,15,56,32,20.09,25.04
2024-06-01T01:49:00,PCI_2,25,75427826.0,21632258.0,1197,36,949,13,9,13,52,31,15.3,25.02
2024-06-01T01:49:00,PCI_3,26,27424449.0,29836683.0,944,20,916,25,15,8,55,46,23.73,26.14
2024-06-01T01:49:00,PCI_4,9,78247389.0,13925611.0,1127,20,872,20,11,13,46,51,20.92,16.82
2024-06-01T01:50:00,PCI_1,25,16309589.0,30095682.0,1093,12,838,8,12,9,21,49,22.53,14.19
2024-06-01T01:50:00,PCI_2,17,41551631.0,31295925.0,975,25,760,26,13,11,23,44,11.88,13.23
2024-06-01T01:50:00,PCI_3,8,32884362.0,8093658.0,984,14,703,28,15,10,30,21,6.17,23.8
2024-06-01T01:50:00,PCI_4,21,54145257.0,37895523.0,974,34,853,9,10,15,35,23,18.61,24.36
2024-06-01T01:51:00,PCI_1,20,63061476.0,38664155.0,1040,32,806,16,8,13,42,43,21.72,26.66
2024-06-01T01:51:00,PCI_2,28,77215820.0,9475883.0,925,19,767,12,15,10,43,42,18.96,12.43
2024-06-01T01:51:00,PCI_3,7,55716305.0,27711914.0,1105,16,702,3,12,11,57,21,13.31,13.47
2024-06-01T01:51:00,PCI_4,12,22474480.0,5705057.0,1133,9,704,10,8,9,29,18,18.32,20.59
2024-06-01T01:52:00,PCI_1,26,49485027.0,7155827.0,1085,37,776,24,9,13,62,37,12.81,16.56
2024-06-01T01:52:00,PCI_2,26,63796189.0,26971323.0,1029,7,783,6,8,12,50,47,5.62,22.46
2024-06-01T01:52:00,PCI_3,25,53705357.0,21656935.0,1010,24,785,10,15,11,25,28,13.27,17.4
2024-06-01T01:52:00,PCI_4,22,12795935.0,32825959.0,1086,14,787,5,11,10,39,43,18.65,20.85
2024-06-01T01:53:00,PCI_1,27,61262338.0,29690727.0,1054,27,721,19,12,12,21,53,10.67,16.48
2024-06-01T01:53:00,PCI_2,14,52270519.0,12696151.0,970,22,783,28,11,14,36,48,13.75,22.12
2024-06-01T01:53:00,PCI_3,27,34059705.0,38223848.0,1030,7,704,15,13,12,56,16,16.28,13.15
2024-06-01T01:53:00,PCI_4,14,24258254.0,8903247.0,997,10,886,21,14,8,41,20,24.98,16.25
2024-06-01T01:54:00,PCI_1,25,60223431.0,37010974.0,962,5,746,28,11,11,26,15,14.27,27.49
2024-06-01T01:54:00,PCI_2,26,75025101.0,13917035.0,1113,12,711,18,12,9,64,18,18.27,18.32
2024-06-01T01:54:00,PCI_3,23,38004659.0,9672354.0,1113,23,951,27,10,12,62,39,7.87,24.21
2024-06-01T01:54:00,PCI_4,14,56794600.0,33451687.0,957,31,911,9,11,15,43,19,15.94,24.4
2024-06-01T01:55:00,PCI_1,12,37713888.0,15671897.0,947,22,708,15,11,11,56,49,15.9,21.21
2024-06-01T01:55:00,PCI_2,26,34220061.0,37303020.0,1055,32,829,16,8,9,29,49,16.2,18.73
2024-06-01T01:55:00,PCI_3,21,51027657.0,22855820.0,1124,34,729,6,12,13,24,51,14.94,13.27
2024-06-01T01:55:00,PCI_4,17,16525275.0,7556445.0,910,20,802,10,15,9,49,31,8.82,20.17
2024-06-01T01:56:00,PCI_1,23,71302221.0,15336465.0,1149,11,763,26,8,8,34,23,24.18,26.89
2024-06-01T01:56:00,PCI_2,19,79235455.0,38142068.0,1027,31,914,6,13,8,23,16,12.92,14.31
2024-06-01T01:56:00,PCI_3,28,16325121.0,22428865.0,1058,9,738,21,10,13,64,25,13.64,10.87
2024-06-01T01:56:00,PCI_4,18,23788588.0,7672663.0,947,27,986,18,13,9,26,54,6.1,10.79
2024-06-01T01:57:00,PCI_1,19,50687292.0,13197899.0,1106,22,990,20,11,8,36,18,6.44,12.4
2024-06-01T01:57:00,PCI_2,29,78573518.0,19808024.0,1011,9,840,4,13,8,64,33,11.47,12.75
2024-06-01T01:57:00,PCI_3,22,22624761.0,30063499.0,972,5,900,5,10,10,58,33,22.04,12.82
2024-06-01T01:57:00,PCI_4,17,20672656.0,10655252.0,1007,15,861,18,9,12,28,17,10.28,11.45
2024-06-01T01:58:00,PCI_1,11,27542621.0,20847011.0,956,37,865,4,12,15,39,37,19.43,12.43
2024-06-01T01:58:00,PCI_2,27,65752665.0,38141230.0,926,39,758,14,11,13,34,31,18.26,17.6
2024-06-01T01:58:00,PCI_3,24,48229765.0,9340694.0,1094,36,816,16,13,8,28,29,11.27,24.94
2024-06-01T01:58:00,PCI_4,16,62745039.0,9734867.0,1017,23,813,4,13,15,56,50,14.61,13.2
2024-06-01T01:59:00,PCI_1,7,76472213.0,28416310.0,1098,13,802,10,13,9,35,29,13.97,24.56
2024-06-01T01:59:00,PCI_2,28,37658075.0,33002732.0,1064,16,954,7,11,15,33,27,19.07,11.23
2024-06-01T01:59:00,PCI_3,21,58665038.0,36853139.0,1034,25,762,6,10,15,26,46,12.86,20.94
2024-06-01T01:59:00,PCI_4,5,38461870.0,27722316.0,954,26,825,29,11,12,27,18,8.12,17.01
2024-06-01T02:00:00,PCI_1,7,47809937.0,37312824.0,950,17,800,10,10,10,33,44,17.34,9.46
2024-06-01T02:00:00,PCI_2,24,68514476.0,11525935.0,1061,28,753,15,9,9,24,44,11.46,19.82
2024-06-01T02:00:00,PCI_3,15,56113129.0,24590300.0,944,26,800,21,10,11,43,51,23.15,9.91
2024-06-01T02:00:00,PCI_4,27,46300641.0,16256782.0,991,38,913,4,12,14,52,38,20.42,18.01
2024-06-01T02:01:00,PCI_1,13,32258915.0,21924249.0,1001,31,795,10,14,13,59,38,20.96,25.74
2024-06-01T02:01:00,PCI_2,8,46313941.0,21774568.0,1185,19,815,14,12,14,64,39,23.17,22.62
2024-06-01T02:01:00,PCI_3,8,11425793.0,22606603.0,1134,26,715,14,12,8,26,35,19.19,23.91
2024-06-01T02:01:00,PCI_4,5,36809856.0,21604562.0,1156,27,817,3,11,10,43,46,5.62,21.81
2024-06-01T02:02:00,PCI_1,17,40661875.0,21589457.0,1135,20,723,14,12,13,64,24,5.13,26.15
2024-06-01T02:02:00,PCI_2,10,46664766.0,14808054.0,1074,6,721,21,12,14,40,24,12.93,20.78
2024-06-01T02:02:00,PCI_3,14,42168301.0,38670503.0,909,13,913,3,12,9,64,31,24.91,13.9
2024-06-01T02:02:00,PCI_4,20,79009724.0,27889552.0,1112,29,936,6,13,15,45,28,19.52,10.55
2024-06-01T02:03:00,PCI_1,29,17289428.0,9687048.0,1164,29,804,16,14,9,42,51,14.86,9.62
2024-06-01T02:03:00,PCI_2,25,29585705.0,23169927.0,920,19,917,29,15,8,44,39,22.69,11.5
2024-06-01T02:03:00,PCI_3,26,53009925.0,31116346.0,1168,8,904,8,8,15,23,47,8.8,9.23
2024-06-01T02:03:00,PCI_4,22,34968496.0,20727388.0,1125,23,834,23,10,8,29,45,16.35,11.71
2024-06-01T02:04:00,PCI_1,11,22721070.0,5493313.0,924,28,801,4,13,13,28,54,8.06,12.37
2024-06-01T02:04:00,PCI_2,9,48966158.0,13952323.0,1000,24,961,22,13,15,47,50,5.66,22.65
2024-06-01T02:04:00,PCI_3,17,70770838.0,23794998.0,1019,32,912,4,11,13,45,21,20.66,24.56
2024-06-01T02:04:00,PCI_4,22,28433965.0,34907141.0,1096,9,842,15,10,8,42,36,8.92,24.0
2024-06-01T02:05:00,PCI_1,16,69232707.0,7472775.0,982,16,784,7,12,14,26,22,14.3,27.12
2024-06-01T02:05:00,PCI_2,27,29819455.0,33593182.0,909,37,783,18,15,13,63,44,15.24,16.46
2024-06-01T02:05:00,PCI_3,17,43495872.0,33242304.0,1049,33,866,24,15,13,21,45,9.23,8.84
2024-06-01T02:05:00,PCI_4,12,59000711.0,5257185.0,1158,22,821,28,15,10,58,50,17.31,10.6
2024-06-01T02:06:00,PCI_1,29,79599507.0,26166205.0,912,36,980,7,9,9,60,51,6.31,9.5
2024-06-01T02:06:00,PCI_2,15,41138503.0,25625070.0,925,31,876,16,15,12,56,31,18.76,17.44
2024-06-01T02:06:00,PCI_3,23,18793753.0,24372996.0,975,29,756,29,8,9,34,29,23.8,20.55
2024-06-01T02:06:00,PCI_4,11,67381698.0,5107139.0,1003,5,856,26,11,12,55,24,23.7,23.76
2024-06-01T02:07:00,PCI_1,27,53297817.0,7062037.0,906,34,926,13,12,14,46,47,16.02,9.18
2024-06-01T02:07:00,PCI_2,28,17123792.0,37890209.0,960,5,922,13,10,8,57,24,14.48,24.81
2024-06-01T02:07:00,PCI_3,24,66811772.0,9459933.0,1103,7,777,3,12,8,62,15,16.37,12.69
2024-06-01T02:07:00,PCI_4,24,71402276.0,23185512.0,937,23,919,12,11,14,62,54,8.66,9.37
2024-06-01T02:08:00,PCI_1,10,76654051.0,15986033.0,1108,27,875,4,13,13,42,50,19.83,12.86
2024-06-01T02:08:00,PCI_2,29,62129231.0,9134580.0,1045,31,862,28,11,11,49,50,16.78,10.93
2024-06-01T02:08:00,PCI_3,15,21594316.0,25668809.0,1114,20,710,10,12,9,59,19,19.47,11.9
2024-06-01T02:08:00,PCI_4,18,32407334.0,12877678.0,950,30,968,9,9,11,21,53,21.84,26.31
2024-06-01T02:09:00,PCI_1,8,24071130.0,31610353.0,1050,15,854,7,12,10,57,43,18.07,15.19
2024-06-01T02:09:00,PCI_2,23,20990793.0,32240591.0,1055,24,831,19,13,14,28,32,19.93,8.39
2024-06-01T02:09:00,PCI_3,18,36292418.0,35625816.0,1079,14,931,15,15,14,60,38,12.43,9.05
2024-06-01T02:09:00,PCI_4,11,64266328.0,23715085.0,949,29,922,9,15,8,26,40,5.04,18.21
2024-06-01T02:10:00,PCI_1,10,51454500.0,18274308.0,986,15,893,7,9,12,43,39,7.76,12.74
2024-06-01T02:10:00,PCI_2,27,68195349.0,18020131.0,956,15,708,28,13,12,33,47,16.35,24.57
2024-06-01T02:10:00,PCI_3,16,32028150.0,35726982.0,1015,13,792,11,8,13,35,27,7.19,17.16
2024-06-01T02:10:00,PCI_4,18,11418113.0,34478479.0,1173,28,814,16,12,15,42,26,18.07,21.21
2024-06-01T02:11:00,PCI_1,21,13145898.0,33857590.0,998,23,770,12,12,13,50,20,13.3,14.54
2024-06-01T02:11:00,PCI_2,8,21587205.0,28048462.0,1026,12,990,20,15,15,27,49,9.71,26.11
2024-06-01T02:11:00,PCI_3,28,55819898.0,23771192.0,1176,14,705,20,11,15,23,16,21.57,27.4
2024-06-01T02:11:00,PCI_4,24,26904234.0,35255763.0,971,20,837,26,12,10,48,49,20.52,10.24
2024-06-01T02:12:00,PCI_1,26,79728908.0,8752380.0,1129,15,929,17,14,8,64,35,12.15,17.58
2024-06-01T02:12:00,PCI_2,24,11319611.0,20925762.0,981,5,848,8,14,12,58,18,14.21,10.61
2024-06-01T02:12:00,PCI_3,14,32498048.0,25614555.0,1037,18,938,14,14,14,58,22,22.55,10.44
2024-06-01T02:12:00,PCI_4,15,30897957.0,31711548.0,1054,25,734,9,15,9,33,40,6.7,16.28
2024-06-01T02:13:00,PCI_1,5,60693419.0,28848634.0,1187,32,978,25,12,14,38,44,16.02,23.41
2024-06-01T02:13:00,PCI_2,17,45221120.0,8151926.0,970,27,795,19,8,13,49,49,22.31,10.83
2024-06-01T02:13:00,PCI_3,15,44543006.0,17443166.0,930,17,976,4,15,12,28,16,24.6,13.05
2024-06-01T02:13:00,PCI_4,6,57829363.0,5057080.0,982,9,917,15,11,13,32,23,10.01,22.92
2024-06-01T02:14:00,PCI_1,14,79310193.0,13491888.0,1158,31,855,22,13,8,37,15,21.27,11.21
2024-06-01T02:14:00,PCI_2,5,48763347.0,25155704.0,982,24,898,29,12,10,53,23,22.53,11.25
2024-06-01T02:14:00,PCI_3,12,15534842.0,22123017.0,1111,17,831,25,14,12,57,22,18.56,23.81
2024-06-01T02:14:00,PCI_4,21,63834334.0,22701540.0,922,38,954,23,11,15,64,41,17.88,25.67
2024-06-01T02:15:00,PCI_1,5,24793786.0,39231496.0,1155,13,961,16,9,14,63,44,8.64,14.63
2024-06-01T02:15:00,PCI_2,28,79061305.0,27809457.0,1030,5,819,15,10,13,48,28,11.44,25.14
2024-06-01T02:15:00,PCI_3,8,31255159.0,28630975.0,1168,12,915,5,14,13,24,53,11.46,13.74
2024-06-01T02:15:00,PCI_4,16,45853049.0,12537501.0,1040,25,740,15,13,15,44,37,17.77,25.99
2024-06-01T02:16:00,PCI_1,26,23660022.0,14275746.0,1051,8,890,19,10,10,32,48,13.94,14.52
2024-06-01T02:16:00,PCI_2,6,33825464.0,29141319.0,981,23,781,22,9,9,49,53,9.42,12.01
2024-06-01T02:16:00,PCI_3,13,79636240.0,37143867.0,937,5,704,15,10,9,39,16,11.2,17.27
2024-06-01T02:16:00,PCI_4,8,18711419.0,19585629.0,964,12,953,17,14,14,56,33,22.64,10.15
2024-06-01T02:17:00,PCI_1,25,41833850.0,7907897.0,1198,25,835,7,15,11,33,42,13.17,24.22
2024-06-01T02:17:00,PCI_2,11,21026235.0,15726813.0,1073,37,802,13,15,8,59,42,10.62,21.2
2024-06-01T02:17:00,PCI_3,22,71224479.0,38044029.0,1103,9,711,6,8,15,38,20,20.2,22.74
2024-06-01T02:17:00,PCI_4,12,41715748.0,34980131.0,913,32,999,11,14,13,35,15,14.43,12.89
2024-06-01T02:18:00,PCI_1,14,38014841.0,21747270.0,1027,30,938,26,13,9,39,30,20.51,27.55
2024-06-01T02:18:00,PCI_2,14,19372235.0,15392856.0,1057,39,833,23,14,8,35,50,13.56,11.35
2024-06-01T02:18:00,PCI_3,11,73082699.0,24842522.0,922,17,841,24,12,8,40,24,11.9,19.81
2024-06-01T02:18:00,PCI_4,16,48014669.0,14356645.0,958,7,851,12,15,12,26,31,6.4,14.73
2024-06-01T02:19:00,PCI_1,24,32152210.0,37064609.0,1113,33,775,10,11,8,22,39,9.73,26.19
2024-06-01T02:19:00,PCI_2,6,19184347.0,27341899.0,1002,18,923,23,12,9,50,22,9.51,23.58
2024-06-01T02:19:00,PCI_3,18,53199000.0,35410983.0,1009,15,865,4,11,15,30,16,8.93,18.6
2024-06-01T02:19:00,PCI_4,28,48142416.0,19529221.0,933,6,809,8,13,15,41,47,6.3,26.64
2024-06-01T02:20:00,PCI_1,25,40688496.0,14537101.0,996,22,958,16,12,12,41,51,16.39,12.29
2024-06-01T02:20:00,PCI_2,14,10308065.0,20630340.0,1097,24,912,4,15,8,48,25,6.5,16.61
2024-06-01T02:20:00,PCI_3,18,79835402.0,37070571.0,1040,7,926,10,10,9,54,41,24.34,25.36
2024-06-01T02:20:00,PCI_4,8,57918600.0,22187864.0,1075,10,795,22,14,8,53,29,10.48,27.11
2024-06-01T02:21:00,PCI_1,16,68985447.0,31530062.0,1050,16,769,7,11,12,64,22,9.17,8.92
2024-06-01T02:21:00,PCI_2,23,38602054.0,25814594.0,1031,16,838,15,11,11,56,53,16.58,18.35
2024-06-01T02:21:00,PCI_3,21,11114141.0,13273074.0,961,28,959,16,11,13,37,52,15.81,19.05
2024-06-01T02:21:00,PCI_4,21,59282259.0,19394826.0,1050,17,914,15,10,11,32,33,8.58,16.28
2024-06-01T02:22:00,PCI_1,7,57760280.0,30905117.0,1152,32,935,27,10,9,28,38,21.53,9.47
2024-06-01T02:22:00,PCI_2,8,71525032.0,19874360.0,999,19,703,25,13,10,25,47,13.58,15.9
2024-06-01T02:22:00,PCI_3,15,64279712.0,12059080.0,901,15,877,6,9,10,25,41,21.11,10.51
2024-06-01T02:22:00,PCI_4,16,54116485.0,5814115.0,1119,35,726,6,12,10,62,35,15.11,25.72
2024-06-01T02:23:00,PCI_1,27,30536262.0,13325241.0,985,14,980,23,8,9,58,41,17.71,16.67
2024-06-01T02:23:00,PCI_2,19,46351974.0,24404686.0,1032,23,773,17,14,9,51,24,18.61,15.75
2024-06-01T02:23:00,PCI_3,24,33821045.0,35094752.0,1166,17,879,7,12,9,61,38,7.18,21.9
2024-06-01T02:23:00,PCI_4,10,29636694.0,20473720.0,1153,34,818,20,12,10,64,27,18.84,17.62
2024-06-01T02:24:00,PCI_1,22,44918025.0,15097241.0,917,12,996,16,14,15,48,50,22.57,22.2
2024-06-01T02:24:00,PCI_2,8,57774250.0,12584931.0,953,39,871,12,14,8,59,35,14.31,15.75
2024-06-01T02:24:00,PCI_3,14,56754671.0,37214017.0,1172,37,961,11,13,8,22,47,12.79,11.22
2024-06-01T02:24:00,PCI_4,16,33894733.0,12563922.0,1022,30,782,18,13,11,59,41,19.33,13.73
2024-06-01T02:25:00,PCI_1,11,54171970.0,10380735.0,1058,31,959,20,10,14,49,46,19.49,20.63
2024-06-01T02:25:00,PCI_2,6,51665098.0,39433718.0,1009,23,756,13,15,12,58,30,21.01,19.9
2024-06-01T02:25:00,PCI_3,19,61927464.0,13326846.0,1042,32,940,20,9,15,49,42,9.56,12.73
2024-06-01T02:25:00,PCI_4,14,60024811.0,10556200.0,1194,20,957,17,13,9,30,18,14.73,12.87
2024-06-01T02:26:00,PCI_1,5,12180907.0,26743161.0,963,13,802,3,10,12,20,29,6.42,14.34
2024-06-01T02:26:00,PCI_2,15,42557135.0,12289800.0,1087,29,961,27,14,14,46,31,23.28,26.21
2024-06-01T02:26:00,PCI_3,11,33296376.0,27158701.0,1130,12,895,11,10,12,55,21,23.39,10.06
2024-06-01T02:26:00,PCI_4,22,34875191.0,25842490.0,956,20,702,12,10,9,58,25,8.37,17.42
2024-06-01T02:27:00,PCI_1,18,63680306.0,10832265.0,1199,17,869,19,13,15,35,23,13.79,23.48
2024-06-01T02:27:00,PCI_2,15,26446188.0,23612260.0,913,29,895,25,8,9,51,47,19.52,11.94
2024-06-01T02:27:00,PCI_3,17,40621122.0,37181566.0,919,15,957,16,12,10,55,34,22.58,20.59
2024-06-01T02:27:00,PCI_4,15,32547420.0,25720101.0,1151,16,890,11,12,8,47,46,5.15,25.03
2024-06-01T02:28:00,PCI_1,10,72701159.0,11653352.0,920,6,934,17,9,12,33,39,20.26,12.81
2024-06-01T02:28:00,PCI_2,14,27204927.0,39961204.0,1165,12,745,7,12,9,34,37,21.61,11.18
2024-06-01T02:28:00,PCI_3,17,18420000.0,33588702.0,1091,39,942,9,12,12,60,31,15.99,18.99
2024-06-01T02:28:00,PCI_4,9,21283457.0,15571794.0,982,39,880,16,11,9,22,37,23.44,18.26
2024-06-01T02:29:00,PCI_1,11,30602608.0,17027607.0,1194,26,712,12,12,9,37,26,15.11,27.69
2024-06-01T02:29:00,PCI_2,8,34499946.0,30105875.0,1035,26,766,13,14,9,41,33,16.63,16.33
2024-06-01T02:29:00,PCI_3,17,39141944.0,37807611.0,1007,6,957,28,14,14,23,31,13.24,23.18
2024-06-01T02:29:00,PCI_4,29,48893017.0,29128316.0,987,34,803,15,15,13,36,19,21.56,25.24
2024-06-01T02:30:00,PCI_1,26,67782818.0,20768893.0,969,24,945,10,12,14,50,15,10.76,18.2
2024-06-01T02:30:00,PCI_2,20,62735803.0,37761663.0,949,29,951,12,8,8,27,31,23.53,20.03
2024-06-01T02:30:00,PCI_3,22,31478369.0,20107757.0,1143,31,984,4,12,10,38,35,16.05,8.84
2024-06-01T02:30:00,PCI_4,27,78360599.0,15487641.0,1066,27,831,6,15,9,29,46,9.39,17.56
2024-06-01T02:31:00,PCI_1,10,25917366.0,34496995.0,1007,35,991,16,8,13,43,17,16.26,14.38
2024-06-01T02:31:00,PCI_2,25,72713246.0,21916725.0,1086,31,978,9,12,15,34,27,10.54,21.17
2024-06-01T02:31:00,PCI_3,7,10260786.0,16366324.0,943,8,994,15,8,12,49,23,14.1,14.04
2024-06-01T02:31:00,PCI_4,8,39057520.0,27709643.0,1076,39,997,16,10,13,62,35,12.33,22.93
2024-06-01T02:32:00,PCI_1,25,68604715.0,6639996.0,974,9,964,11,13,13,48,43,5.97,11.84
2024-06-01T02:32:00,PCI_2,18,56052425.0,18471936.0,952,26,701,3,12,8,42,53,18.48,9.09
2024-06-01T02:32:00,PCI_3,16,50074270.0,26294586.0,937,35,798,3,15,9,52,36,7.45,21.5
2024-06-01T02:32:00,PCI_4,16,34115340.0,31365837.0,1104,9,964,5,9,12,63,41,10.15,11.44
2024-06-01T02:33:00,PCI_1,21,13646214.0,37545959.0,1150,10,789,15,8,9,36,21,6.46,17.02
2024-06-01T02:33:00,PCI_2,27,38332027.0,20705603.0,921,35,773,6,9,11,63,45,5.76,13.86
2024-06-01T02:33:00,PCI_3,26,17205193.0,21817980.0,921,9,848,5,8,14,35,37,7.75,8.09
2024-06-01T02:33:00,PCI_4,25,74080685.0,19208054.0,1032,17,757,5,10,11,30,53,19.25,20.54
2024-06-01T02:34:00,PCI_1,20,19709532.0,15264572.0,1118,11,818,5,12,8,51,32,10.23,17.22
2024-06-01T02:34:00,PCI_2,10,17205733.0,33765466.0,991,35,895,4,8,11,42,31,6.24,13.16
2024-06-01T02:34:00,PCI_3,29,39603415.0,19932225.0,911,33,833,23,12,12,46,50,18.02,19.7
2024-06-01T02:34:00,PCI_4,14,13481714.0,16475832.0,958,19,746,26,15,14,59,48,23.34,17.81
2024-06-01T02:35:00,PCI_1,26,36731279.0,31476413.0,1042,38,897,26,14,15,46,48,19.39,11.56
2024-06-01T02:35:00,PCI_2,12,79031293.0,18243161.0,1073,24,919,23,15,9,63,28,7.25,23.7
2024-06-01T02:35:00,PCI_3,23,41385043.0,35193244.0,1082,24,956,11,10,11,42,39,20.25,19.67
2024-06-01T02:35:00,PCI_4,11,16479126.0,24390683.0,1100,14,997,20,8,12,30,27,19.52,14.71
2024-06-01T02:36:00,PCI_1,19,22875412.0,14861844.0,949,5,807,20,10,11,21,54,10.02,14.94
2024-06-01T02:36:00,PCI_2,14,12802188.0,37127988.0,1027,14,891,21,8,11,35,20,11.56,9.73
2024-06-01T02:36:00,PCI_3,13,20247288.0,26079620.0,1138,27,955,26,9,10,35,16,13.76,14.88
2024-06-01T02:36:00,PCI_4,11,21257845.0,17523351.0,1176,25,929,10,10,14,53,26,18.9,21.32
2024-06-01T02:37:00,PCI_1,22,70812204.0,25385041.0,980,34,770,10,8,14,59,28,6.39,22.47
2024-06-01T02:37:00,PCI_2,10,73925124.0,31360531.0,989,31,924,6,12,13,49,45,18.02,26.09
2024-06-01T02:37:00,PCI_3,21,67335519.0,27561187.0,988,37,888,19,10,8,34,31,7.84,26.0
2024-06-01T02:37:00,PCI_4,15,64884264.0,33987876.0,923,21,965,14,8,10,62,24,7.91,27.94
2024-06-01T02:38:00,PCI_1,18,27893942.0,30255274.0,1146,6,877,19,13,9,23,41,21.58,12.38
2024-06-01T02:38:00,PCI_2,9,26659054.0,32268631.0,964,33,909,27,13,8,55,53,8.82,17.11
2024-06-01T02:38:00,PCI_3,25,42459791.0,20180724.0,986,37,763,18,15,12,39,30,11.24,14.51
2024-06-01T02:38:00,PCI_4,22,24084315.0,18447280.0,1023,18,906,5,13,9,21,35,16.06,22.59
2024-06-01T02:39:00,PCI_1,17,28735411.0,32114591.0,1051,17,747,7,14,13,54,24,8.77,22.55
2024-06-01T02:39:00,PCI_2,28,20342741.0,17369244.0,999,15,840,12,15,11,21,20,14.79,23.71
2024-06-01T02:39:00,PCI_3,28,67217268.0,37474338.0,908,5,976,28,15,9,25,40,12.15,16.86
2024-06-01T02:39:00,PCI_4,23,16429361.0,34049533.0,1080,33,897,11,11,9,39,29,23.88,11.11
2024-06-01T02:40:00,PCI_1,5,77237132.0,14468887.0,922,9,812,24,13,9,27,47,12.04,18.75
2024-06-01T02:40:00,PCI_2,19,62325412.0,11109333.0,1147,28,833,4,15,15,20,16,15.61,11.56
2024-06-01T02:40:00,PCI_3,21,17748642.0,8717611.0,905,27,829,8,13,14,26,17,6.1,24.2
2024-06-01T02:40:00,PCI_4,17,16763784.0,27139993.0,1121,10,938,15,13,8,26,52,23.89,12.15
2024-06-01T02:41:00,PCI_1,7,50116730.0,39960213.0,1173,28,717,6,11,14,61,23,5.01,15.01
2024-06-01T02:41:00,PCI_2,27,71636748.0,10011256.0,907,37,809,3,13,11,59,25,19.92,14.25
2024-06-01T02:41:00,PCI_3,16,27535633.0,38751343.0,1174,28,965,9,14,10,57,27,5.47,13.1
2024-06-01T02:41:00,PCI_4,7,53823421.0,35621467.0,991,34,751,20,12,10,42,39,8.37,16.0
2024-06-01T02:42:00,PCI_1,21,42765977.0,16448929.0,1161,32,747,18,12,10,40,19,24.62,11.52
2024-06-01T02:42:00,PCI_2,19,41056870.0,13734501.0,933,21,757,14,9,11,26,39,18.47,13.63
2024-06-01T02:42:00,PCI_3,8,66739243.0,17009817.0,1155,37,979,11,15,11,26,22,15.38,14.94
2024-06-01T02:42:00,PCI_4,12,52467496.0,17928658.0,1152,19,951,13,13,8,53,33,24.24,18.99
2024-06-01T02:43:00,PCI_1,19,78010329.0,26758394.0,904,25,830,19,10,14,21,37,14.1,13.76
2024-06-01T02:43:00,PCI_2,9,56346179.0,35765136.0,1101,39,719,11,14,10,35,39,11.66,21.41
2024-06-01T02:43:00,PCI_3,20,22227880.0,37646113.0,987,10,777,28,8,14,31,29,18.25,11.12
2024-06-01T02:43:00,PCI_4,8,11312541.0,22543162.0,974,30,758,18,10,14,59,17,11.52,10.56
2024-06-01T02:44:00,PCI_1,23,58876959.0,18459742.0,932,39,879,21,14,12,30,49,19.34,22.33
2024-06-01T02:44:00,PCI_2,12,44267016.0,26479984.0,997,20,985,8,11,11,45,17,20.82,19.69
2024-06-01T02:44:00,PCI_3,21,38960517.0,25106368.0,1072,5,973,18,15,12,30,40,15.63,9.35
2024-06-01T02:44:00,PCI_4,18,48958886.0,7014461.0,1042,15,969,15,11,12,60,36,13.58,22.18
2024-06-01T02:45:00,PCI_1,28,53898818.0,12939452.0,1081,6,835,22,13,9,55,26,21.71,20.11
2024-06-01T02:45:00,PCI_2,12,54915198.0,26509738.0,1032,39,720,20,15,8,39,26,17.15,22.7
2024-06-01T02:45:00,PCI_3,10,22584020.0,19725685.0,1085,31,724,4,11,9,48,27,7.26,21.37
2024-06-01T02:45:00,PCI_4,6,49389214.0,18700703.0,921,22,778,5,8,14,52,34,20.68,15.51
2024-06-01T02:46:00,PCI_1,25,40422300.0,11395469.0,980,26,946,9,8,15,54,38,13.9,19.82
2024-06-01T02:46:00,PCI_2,10,73831011.0,32981302.0,1165,11,808,12,9,9,32,53,19.93,16.37
2024-06-01T02:46:00,PCI_3,6,58722867.0,13999971.0,1057,5,787,17,9,12,25,20,18.14,24.65
2024-06-01T02:46:00,PCI_4,14,48439840.0,23056164.0,1167,38,884,18,12,15,59,42,8.3,19.56
2024-06-01T02:47:00,PCI_1,18,22131613.0,25441692.0,986,31,815,12,10,14,57,49,5.3,9.4
2024-06-01T02:47:00,PCI_2,27,48194861.0,8694791.0,1026,27,758,29,9,12,54,19,22.11,22.99
2024-06-01T02:47:00,PCI_3,21,13760076.0,33828607.0,901,15,752,6,14,8,46,51,6.27,23.17
2024-06-01T02:47:00,PCI_4,27,68751250.0,7016822.0,929,28,860,5,12,12,38,47,20.45,19.01
2024-06-01T02:48:00,PCI_1,15,67837193.0,39886484.0,996,39,989,21,9,9,48,19,7.01,23.27
2024-06-01T02:48:00,PCI_2,27,66031487.0,35854712.0,929,16,719,11,14,13,23,41,11.45,26.13
2024-06-01T02:48:00,PCI_3,8,72697046.0,10456545.0,993,15,745,10,13,11,46,50,17.25,21.36
2024-06-01T02:48:00,PCI_4,22,54823843.0,32571345.0,1185,7,974,7,10,15,37,24,18.6,9.35
2024-06-01T02:49:00,PCI_1,6,12575958.0,18385686.0,900,11,980,28,15,10,38,53,20.06,9.72
2024-06-01T02:49:00,PCI_2,17,26777999.0,6860641.0,1127,16,882,9,13,8,26,44,23.22,22.89
2024-06-01T02:49:00,PCI_3,28,53141497.0,17304579.0,1002,37,946,15,10,14,50,31,21.03,25.52
2024-06-01T02:49:00,PCI_4,10,12628908.0,29773886.0,1123,34,772,29,13,12,43,27,19.48,9.75
2024-06-01T02:50:00,PCI_1,8,27049799.0,30814816.0,1014,39,958,29,14,14,28,33,21.29,24.24
2024-06-01T02:50:00,PCI_2,22,19271598.0,8996454.0,1163,39,838,23,15,14,56,19,17.51,18.39
2024-06-01T02:50:00,PCI_3,27,52367105.0,31609635.0,1081,36,855,20,11,13,45,30,15.18,22.54
2024-06-01T02:50:00,PCI_4,6,62846649.0,22981616.0,1069,35,911,23,14,8,57,29,18.58,22.33
2024-06-01T02:51:00,PCI_1,15,34551377.0,19351768.0,1047,23,881,24,9,12,31,27,21.91,22.42
2024-06-01T02:51:00,PCI_2,8,58070694.0,13686016.0,1108,9,752,15,10,12,36,34,20.84,21.42
2024-06-01T02:51:00,PCI_3,20,16747544.0,35589706.0,1165,15,946,11,12,15,35,41,14.47,11.97
2024-06-01T02:51:00,PCI_4,11,49718460.0,21179638.0,1053,14,813,28,8,15,34,39,23.83,12.39
2024-06-01T02:52:00,PCI_1,26,11658818.0,13794224.0,1112,8,988,24,14,11,50,54,21.42,19.63
2024-06-01T02:52:00,PCI_2,11,52114686.0,6073344.0,913,28,854,15,10,13,44,52,19.69,21.46
2024-06-01T02:52:00,PCI_3,8,23660095.0,27298794.0,1073,16,811,25,9,12,41,43,7.39,11.1
2024-06-01T02:52:00,PCI_4,20,22348159.0,29937381.0,986,7,749,6,15,10,41,36,11.23,12.47
2024-06-01T02:53:00,PCI_1,14,28239852.0,10531760.0,1048,32,913,28,8,13,36,34,6.7,27.33
2024-06-01T02:53:00,PCI_2,26,11928333.0,32200346.0,1152,34,876,11,10,8,43,36,21.82,18.58
2024-06-01T02:53:00,PCI_3,22,65847717.0,21270489.0,1188,7,761,25,9,10,44,16,17.71,20.47
2024-06-01T02:53:00,PCI_4,29,17335838.0,23515371.0,1164,25,787,23,12,10,26,43,10.28,19.89
2024-06-01T02:54:00,PCI_1,11,42602597.0,5326710.0,1093,32,964,23,10,9,55,49,11.05,19.23
2024-06-01T02:54:00,PCI_2,25,71421704.0,6607795.0,1124,21,750,16,8,15,56,44,9.96,14.19
2024-06-01T02:54:00,PCI_3,5,37563992.0,27946230.0,1079,13,728,10,9,15,30,37,18.85,19.89
2024-06-01T02:54:00,PCI_4,5,28493416.0,6997062.0,1150,32,744,13,12,13,56,50,12.37,21.04
2024-06-01T02:55:00,PCI_1,25,40115857.0,27437253.0,1172,17,771,15,8,14,42,33,6.51,21.36
2024-06-01T02:55:00,PCI_2,8,44829176.0,15864058.0,1063,15,792,26,15,13,20,18,9.81,23.46
2024-06-01T02:55:00,PCI_3,12,13276346.0,23740593.0,941,15,804,19,11,11,47,46,24.38,12.42
2024-06-01T02:55:00,PCI_4,9,56614029.0,22530406.0,1198,28,926,12,9,12,35,48,21.55,14.73
2024-06-01T02:56:00,PCI_1,15,76502412.0,21914187.0,1087,28,903,12,11,13,45,16,18.76,27.27
2024-06-01T02:56:00,PCI_2,14,50647437.0,33557587.0,932,21,972,29,8,14,45,18,21.38,17.11
2024-06-01T02:56:00,PCI_3,17,44906748.0,27938071.0,921,9,878,18,8,15,44,21,20.66,25.14
2024-06-01T02:56:00,PCI_4,5,53827162.0,9216863.0,1156,18,928,29,13,8,51,51,8.13,24.47
2024-06-01T02:57:00,PCI_1,17,19304824.0,35743396.0,1054,31,911,28,15,9,40,54,22.42,11.03
2024-06-01T02:57:00,PCI_2,9,35803521.0,20959470.0,1151,30,735,18,10,8,61,23,5.41,27.88
2024-06-01T02:57:00,PCI_3,23,39810659.0,20866178.0,1010,35,838,27,9,14,27,26,20.59,27.93
2024-06-01T02:57:00,PCI_4,14,16725399.0,14315664.0,901,32,858,15,11,12,37,48,13.64,18.9
2024-06-01T02:58:00,PCI_1,14,19391816.0,24966904.0,916,34,931,9,8,9,31,16,22.74,20.7
2024-06-01T02:58:00,PCI_2,15,33269059.0,35450906.0,1142,35,820,10,10,11,26,51,9.52,13.78
2024-06-01T02:58:00,PCI_3,15,22809225.0,33380591.0,1077,9,800,27,8,8,23,17,17.52,15.15
2024-06-01T02:58:00,PCI_4,9,12314144.0,25044645.0,1057,36,720,5,13,8,58,17,6.92,24.01
2024-06-01T02:59:00,PCI_1,5,14644790.0,9076822.0,1056,22,732,9,13,8,58,28,17.14,27.45
2024-06-01T02:59:00,PCI_2,18,54684277.0,9886098.0,1084,30,812,14,12,12,22,17,8.96,24.89
2024-06-01T02:59:00,PCI_3,10,19047576.0,17869983.0,980,34,917,14,15,15,59,53,6.7,15.65
2024-06-01T02:59:00,PCI_4,15,63386960.0,18534688.0,1080,21,778,8,13,9,62,37,22.26,8.01
2024-06-01T03:00:00,PCI_1,9,14641897.0,16124401.0,968,6,850,12,10,12,25,42,5.11,18.7
2024-06-01T03:00:00,PCI_2,21,60758098.0,14220947.0,973,6,734,5,10,10,32,28,9.94,27.14
2024-06-01T03:00:00,PCI_3,22,20969592.0,8355784.0,1096,11,960,7,9,11,27,32,17.24,21.0
2024-06-01T03:00:00,PCI_4,27,61324323.0,33164801.0,1092,18,931,22,10,13,34,44,12.17,13.66
2024-06-01T03:01:00,PCI_1,17,10276217.0,37602463.0,1153,19,762,5,8,9,44,33,16.24,14.82
2024-06-01T03:01:00,PCI_2,21,52173740.0,21107158.0,1106,11,871,10,15,10,60,48,18.97,27.62
2024-06-01T03:01:00,PCI_3,24,79343734.0,29737239.0,1018,19,868,13,11,12,55,32,12.43,16.62
2024-06-01T03:01:00,PCI_4,25,56239746.0,11944730.0,1007,5,711,29,8,13,43,30,19.39,13.25
2024-06-01T03:02:00,PCI_1,10,23638695.0,22008933.0,1112,26,934,19,9,14,22,48,13.31,23.76
2024-06-01T03:02:00,PCI_2,29,45414401.0,22441334.0,913,26,744,29,10,12,40,53,8.72,10.94
2024-06-01T03:02:00,PCI_3,28,69223535.0,6131510.0,1153,28,816,13,8,11,23,26,12.64,19.97
2024-06-01T03:02:00,PCI_4,18,58693239.0,11842265.0,1124,36,774,10,12,11,26,41,13.89,12.32
2024-06-01T03:03:00,PCI_1,21,43987969.0,15905967.0,982,24,714,6,8,9,45,35,13.67,26.16
2024-06-01T03:03:00,PCI_2,10,34645796.0,7628128.0,1035,38,846,29,12,11,56,47,18.37,24.76
2024-06-01T03:03:00,PCI_3,15,65418170.0,10846337.0,1048,24,989,20,8,12,21,22,23.75,27.27
2024-06-01T03:03:00,PCI_4,25,24330397.0,20028731.0,927,17,884,9,10,10,37,21,23.25,26.4
2024-06-01T03:04:00,PCI_1,22,71944096.0,9844098.0,1196,27,947,5,9,13,62,34,19.09,17.07
2024-06-01T03:04:00,PCI_2,25,12613433.0,5982450.0,916,17,951,7,14,11,23,21,9.43,19.87
2024-06-01T03:04:00,PCI_3,21,55949199.0,31247276.0,1145,5,720,3,9,11,37,44,20.4,13.37
2024-06-01T03:04:00,PCI_4,25,49251015.0,22663285.0,917,31,816,15,9,15,23,54,11.69,25.82
2024-06-01T03:05:00,PCI_1,28,19217373.0,32860574.0,1050,30,970,28,15,10,58,51,17.89,13.58
2024-06-01T03:05:00,PCI_2,17,46504098.0,10664027.0,1141,20,989,25,10,13,29,52,6.78,21.86
2024-06-01T03:05:00,PCI_3,26,69216430.0,38321109.0,1034,34,720,12,9,15,21,43,18.84,18.12
2024-06-01T03:05:00,PCI_4,17,52022847.0,13081536.0,945,7,859,12,9,11,51,50,22.3,10.2
2024-06-01T03:06:00,PCI_1,23,38213415.0,13743864.0,1082,25,812,7,12,11,58,48,24.15,18.18
2024-06-01T03:06:00,PCI_2,14,39919676.0,16793171.0,1031,21,840,25,11,9,53,49,19.28,25.46
2024-06-01T03:06:00,PCI_3,15,54654662.0,38414672.0,1198,36,727,26,10,11,35,33,14.9,21.78
2024-06-01T03:06:00,PCI_4,24,40323339.0,14576228.0,1118,36,931,19,15,11,61,19,11.56,26.86
2024-06-01T03:07:00,PCI_1,8,46403590.0,9516712.0,930,22,950,15,13,15,45,28,12.18,16.65
2024-06-01T03:07:00,PCI_2,22,71681572.0,6806268.0,1160,13,761,13,10,15,44,19,19.08,13.69
2024-06-01T03:07:00,PCI_3,11,42397479.0,29700832.0,1092,12,808,10,10,9,50,50,18.17,23.06
2024-06-01T03:07:00,PCI_4,11,18986471.0,39168550.0,1161,26,751,8,11,9,59,35,7.73,20.52
2024-06-01T03:08:00,PCI_1,6,65523886.0,10442941.0,1195,16,759,6,14,8,36,39,21.27,11.22
2024-06-01T03:08:00,PCI_2,18,23627719.0,30348490.0,1067,16,762,5,13,15,20,18,9.18,20.98
2024-06-01T03:08:00,PCI_3,18,76275080.0,23700006.0,939,12,826,3,11,15,37,45,14.0,12.06
2024-06-01T03:08:00,PCI_4,13,46947423.0,28431807.0,947,9,963,19,11,14,51,19,6.6,8.45
2024-06-01T03:09:00,PCI_1,28,38780720.0,20456798.0,985,9,769,13,9,10,25,33,23.33,19.98
2024-06-01T03:09:00,PCI_2,12,69803172.0,25125526.0,932,27,816,6,13,11,42,49,23.22,24.76
2024-06-01T03:09:00,PCI_3,11,42804958.0,28929945.0,1140,33,955,9,13,10,20,21,10.91,13.69
2024-06-01T03:09:00,PCI_4,21,62271131.0,21521363.0,1128,37,847,14,8,13,32,25,15.21,22.26
2024-06-01T03:10:00,PCI_1,22,48917969.0,34935908.0,1176,12,747,22,10,10,34,43,19.72,27.08
2024-06-01T03:10:00,PCI_2,20,79423909.0,24895309.0,974,32,959,24,12,8,38,17,5.91,23.81
2024-06-01T03:10:00,PCI_3,22,42567313.0,35397482.0,978,19,845,9,14,14,39,28,24.48,25.77
2024-06-01T03:10:00,PCI_4,5,79377471.0,14135214.0,1120,36,776,3,13,13,49,33,21.98,11.21
2024-06-01T03:11:00,PCI_1,11,36186350.0,25523466.0,997,34,726,3,11,13,49,32,11.54,19.59
2024-06-01T03:11:00,PCI_2,6,75995353.0,6632642.0,1174,23,963,27,13,12,54,22,16.51,23.73
2024-06-01T03:11:00,PCI_3,10,42861159.0,30607683.0,902,10,934,7,9,15,29,45,9.21,14.08
2024-06-01T03:11:00,PCI_4,6,25370943.0,16985228.0,1095,7,990,9,9,15,40,29,11.05,8.53
2024-06-01T03:12:00,PCI_1,15,59324696.0,6773332.0,903,22,769,5,15,12,33,25,8.43,10.46
2024-06-01T03:12:00,PCI_2,23,72461436.0,13633865.0,1034,38,876,3,9,15,42,52,15.36,13.18
2024-06-01T03:12:00,PCI_3,6,29598438.0,35222217.0,921,34,989,3,13,10,22,37,21.8,9.57
2024-06-01T03:12:00,PCI_4,26,20120976.0,35640338.0,972,33,747,6,13,9,37,32,14.05,15.05
2024-06-01T03:13:00,PCI_1,28,50268737.0,22560057.0,932,9,858,28,13,12,46,32,22.97,21.99
2024-06-01T03:13:00,PCI_2,20,40318485.0,26866740.0,1084,6,859,27,9,11,49,25,20.15,27.38
2024-06-01T03:13:00,PCI_3,20,22463381.0,21765646.0,904,38,805,25,13,13,62,39,5.07,27.33
2024-06-01T03:13:00,PCI_4,11,58508265.0,20218038.0,977,34,959,11,10,14,43,41,24.99,14.98
2024-06-01T03:14:00,PCI_1,7,11219754.0,9003845.0,1134,13,968,10,11,15,38,18,8.2,22.64
2024-06-01T03:14:00,PCI_2,10,17601343.0,5353733.0,981,7,731,19,11,13,58,19,10.13,18.19
2024-06-01T03:14:00,PCI_3,12,69615465.0,13571043.0,949,8,754,29,11,8,52,20,21.17,13.47
2024-06-01T03:14:00,PCI_4,5,73685460.0,27463463.0,980,13,700,3,12,12,39,39,9.03,22.0
2024-06-01T03:15:00,PCI_1,21,65472682.0,14201993.0,1098,28,882,4,12,11,48,50,19.05,23.88
2024-06-01T03:15:00,PCI_2,25,24426573.0,16866118.0,936,6,815,20,13,13,21,43,7.0,9.44
2024-06-01T03:15:00,PCI_3,23,79246467.0,28430778.0,989,5,981,27,13,12,27,27,15.42,15.54
2024-06-01T03:15:00,PCI_4,24,39695863.0,16635569.0,1057,9,879,24,13,15,63,36,7.72,24.99
2024-06-01T03:16:00,PCI_1,28,23459878.0,34566871.0,1180,13,915,22,11,8,55,47,11.41,18.2
2024-06-01T03:16:00,PCI_2,8,40498276.0,36209563.0,1010,21,830,20,13,8,50,16,14.15,21.21
2024-06-01T03:16:00,PCI_3,18,34696661.0,37974630.0,942,36,847,19,9,14,21,47,16.16,17.51
2024-06-01T03:16:00,PCI_4,27,67270466.0,20968790.0,1165,25,835,23,8,10,22,22,11.86,10.46
2024-06-01T03:17:00,PCI_1,12,78546115.0,9283830.0,1048,30,871,18,12,10,61,24,14.88,11.34
2024-06-01T03:17:00,PCI_2,8,20830673.0,34972205.0,1037,20,859,18,15,10,47,32,17.61,20.54
2024-06-01T03:17:00,PCI_3,18,41462001.0,18774828.0,1014,34,887,22,13,8,38,48,13.37,10.59
2024-06-01T03:17:00,PCI_4,5,29259153.0,31316744.0,1013,16,827,3,8,12,37,27,21.12,18.85
2024-06-01T03:18:00,PCI_1,20,11032321.0,25889331.0,1128,34,763,24,15,9,40,18,11.64,19.97
2024-06-01T03:18:00,PCI_2,5,16640342.0,8444336.0,1137,9,808,11,10,12,22,45,15.52,17.11
2024-06-01T03:18:00,PCI_3,5,73698397.0,20341781.0,933,29,755,3,14,14,39,25,20.97,25.7
2024-06-01T03:18:00,PCI_4,6,51375798.0,36845432.0,924,14,824,27,15,13,30,53,11.34,20.86
2024-06-01T03:19:00,PCI_1,11,34395398.0,25404602.0,907,34,807,15,11,15,41,47,24.54,18.33
2024-06-01T03:19:00,PCI_2,18,34843843.0,30301731.0,1039,23,815,25,10,11,37,17,12.68,20.34
2024-06-01T03:19:00,PCI_3,7,60347709.0,31538952.0,987,7,873,20,11,9,23,35,12.5,14.54
2024-06-01T03:19:00,PCI_4,20,48886603.0,32044256.0,1153,7,914,20,15,9,46,20,16.11,11.16
2024-06-01T03:20:00,PCI_1,26,71947900.0,32048900.0,1046,19,795,20,11,14,33,34,24.0,16.49
2024-06-01T03:20:00,PCI_2,12,33665991.0,8703726.0,1057,34,936,23,13,12,27,40,8.85,20.68
2024-06-01T03:20:00,PCI_3,14,75551564.0,22146073.0,1075,11,737,6,13,11,21,53,16.49,19.17
2024-06-01T03:20:00,PCI_4,20,62128382.0,22287239.0,910,30,704,20,12,12,58,44,10.15,27.48
2024-06-01T03:21:00,PCI_1,10,78836590.0,36352807.0,981,19,974,7,13,13,31,17,24.81,22.46
2024-06-01T03:21:00,PCI_2,6,25517774.0,19613908.0,1110,9,801,9,12,9,47,46,24.07,27.91
2024-06-01T03:21:00,PCI_3,13,33584879.0,13168009.0,1150,17,873,22,9,9,40,31,9.3,10.25
2024-06-01T03:21:00,PCI_4,7,32732965.0,23495746.0,998,16,765,25,10,10,60,29,15.35,8.87
2024-06-01T03:22:00,PCI_1,14,40653251.0,17254954.0,1043,27,901,18,12,9,43,42,15.0,8.52
2024-06-01T03:22:00,PCI_2,7,14402387.0,27826251.0,967,36,798,22,11,11,50,53,21.04,26.75
2024-06-01T03:22:00,PCI_3,24,53973505.0,26782073.0,1119,38,966,14,12,11,51,25,6.28,12.2
2024-06-01T03:22:00,PCI_4,28,10969335.0,26065021.0,996,12,746,5,12,15,25,48,12.2,18.54
2024-06-01T03:23:00,PCI_1,21,62174897.0,33295729.0,1115,29,951,11,14,14,23,34,12.41,22.94
2024-06-01T03:23:00,PCI_2,23,62481192.0,36001080.0,1196,13,880,18,15,10,49,31,18.07,13.61
2024-06-01T03:23:00,PCI_3,19,45610416.0,16684745.0,1110,25,881,23,11,9,27,46,10.21,26.24
2024-06-01T03:23:00,PCI_4,11,60614976.0,25086615.0,950,8,792,4,10,13,63,43,17.88,22.13
2024-06-01T03:24:00,PCI_1,26,59575329.0,22292612.0,905,36,964,18,10,12,49,17,16.93,15.65
2024-06-01T03:24:00,PCI_2,22,60071712.0,36162530.0,1064,32,932,25,15,12,52,51,24.34,10.38
2024-06-01T03:24:00,PCI_3,11,48502622.0,17766169.0,1165,27,828,22,10,9,21,34,12.14,11.51
2024-06-01T03:24:00,PCI_4,7,49538965.0,23824624.0,1172,32,872,14,14,9,37,41,16.95,19.35
2024-06-01T03:25:00,PCI_1,26,49285227.0,5949899.0,1120,32,967,12,15,13,51,24,8.94,23.72
2024-06-01T03:25:00,PCI_2,29,29208744.0,31825735.0,1146,5,911,19,15,10,63,16,17.58,19.95
2024-06-01T03:25:00,PCI_3,28,28035674.0,36743433.0,1140,6,723,3,9,10,45,17,20.94,24.77
2024-06-01T03:25:00,PCI_4,26,61943483.0,31010301.0,1055,35,920,17,8,15,37,50,16.97,18.57
2024-06-01T03:26:00,PCI_1,7,10090296.0,23490237.0,900,36,924,15,8,12,57,47,24.53,8.11
2024-06-01T03:26:00,PCI_2,29,36707916.0,5954920.0,922,18,915,23,12,8,30,47,16.07,27.73
2024-06-01T03:26:00,PCI_3,19,46552380.0,25989556.0,1052,39,942,12,8,8,61,34,17.24,25.99
2024-06-01T03:26:00,PCI_4,10,18672034.0,10813542.0,975,33,700,19,12,13,30,25,7.05,22.77
2024-06-01T03:27:00,PCI_1,5,15970760.0,13120873.0,978,36,766,28,9,8,25,41,24.25,15.64
2024-06-01T03:27:00,PCI_2,12,78576372.0,12742749.0,1188,16,797,14,12,10,42,34,13.59,10.5
2024-06-01T03:27:00,PCI_3,28,38464600.0,10968785.0,922,18,794,26,12,14,60,20,10.47,9.24
2024-06-01T03:27:00,PCI_4,22,76316860.0,19945540.0,903,18,813,6,8,13,56,50,18.31,12.34
2024-06-01T03:28:00,PCI_1,14,25941908.0,39771299.0,1083,15,819,17,11,11,31,46,24.12,24.18
2024-06-01T03:28:00,PCI_2,10,54280766.0,31486243.0,934,13,951,13,9,13,55,50,10.43,11.62
2024-06-01T03:28:00,PCI_3,18,63832396.0,28665268.0,1193,16,816,15,14,8,52,37,14.58,14.71
2024-06-01T03:28:00,PCI_4,13,27928139.0,25016581.0,979,7,770,24,14,8,20,48,10.41,8.9
2024-06-01T03:29:00,PCI_1,15,77054388.0,25453736.0,1186,27,994,18,9,13,27,28,15.63,24.13
2024-06-01T03:29:00,PCI_2,22,26092124.0,27814927.0,1103,25,968,18,14,11,37,32,5.14,27.11
2024-06-01T03:29:00,PCI_3,26,42119093.0,34794066.0,1072,35,765,10,10,11,63,54,14.01,21.31
2024-06-01T03:29:00,PCI_4,12,57374201.0,9758929.0,991,37,739,29,11,9,39,16,19.23,11.12
2024-06-01T03:30:00,PCI_1,15,69639693.0,30339031.0,1080,19,800,22,8,9,31,45,20.28,22.57
2024-06-01T03:30:00,PCI_2,23,79948193.0,25249329.0,1001,15,880,8,15,14,45,18,19.89,25.12
2024-06-01T03:30:00,PCI_3,29,41450654.0,24975294.0,1159,38,835,8,12,11,25,21,23.63,16.35
2024-06-01T03:30:00,PCI_4,18,11526334.0,22631270.0,1139,16,915,20,10,12,28,34,19.71,20.99
2024-06-01T03:31:00,PCI_1,27,74563321.0,16378261.0,1150,17,741,3,15,11,36,19,13.73,21.8
2024-06-01T03:31:00,PCI_2,15,28241230.0,16372550.0,977,18,807,9,10,9,23,16,18.18,18.53
2024-06-01T03:31:00,PCI_3,14,76918899.0,9573468.0,1042,14,907,17,14,11,22,34,19.1,21.85
2024-06-01T03:31:00,PCI_4,5,78754341.0,26227704.0,1165,8,812,12,15,11,35,50,15.88,8.81
2024-06-01T03:32:00,PCI_1,29,56111988.0,26050249.0,1169,11,806,19,14,12,45,35,6.37,21.82
2024-06-01T03:32:00,PCI_2,9,24969673.0,11934930.0,1144,36,914,28,9,12,32,22,7.71,21.19
2024-06-01T03:32:00,PCI_3,26,79206344.0,15604871.0,1111,8,920,3,9,8,30,27,8.94,15.48
2024-06-01T03:32:00,PCI_4,14,53817969.0,21872096.0,966,31,881,18,10,14,55,53,16.38,13.8
2024-06-01T03:33:00,PCI_1,22,71536782.0,11893413.0,1038,29,900,25,15,14,21,33,17.02,18.7
2024-06-01T03:33:00,PCI_2,20,47639419.0,6710097.0,1136,22,854,10,10,11,58,29,23.16,22.23
2024-06-01T03:33:00,PCI_3,28,11568383.0,24685037.0,1005,6,926,26,12,9,42,48,11.41,20.58
2024-06-01T03:33:00,PCI_4,26,74285271.0,5736536.0,916,17,973,21,15,9,36,25,19.2,23.14
2024-06-01T03:34:00,PCI_1,16,60306090.0,8005478.0,924,18,806,20,13,13,44,39,7.65,26.65
2024-06-01T03:34:00,PCI_2,7,50199003.0,11553072.0,947,11,974,12,9,10,55,52,10.34,24.58
2024-06-01T03:34:00,PCI_3,21,15546344.0,36774733.0,1139,10,861,20,13,11,48,54,14.13,21.19
2024-06-01T03:34:00,PCI_4,18,41671318.0,7540700.0,1092,8,963,28,14,14,41,28,7.53,15.89
2024-06-01T03:35:00,PCI_1,23,31797112.0,11037918.0,969,18,867,10,12,14,25,31,24.42,17.17
2024-06-01T03:35:00,PCI_2,5,37501740.0,37558471.0,1160,28,798,8,14,13,22,44,11.99,27.36
2024-06-01T03:35:00,PCI_3,19,71994714.0,17641066.0,1015,20,742,10,9,10,48,32,12.78,26.03
2024-06-01T03:35:00,PCI_4,8,73134166.0,24138590.0,1097,11,892,29,11,10,41,16,22.56,9.09
2024-06-01T03:36:00,PCI_1,23,28502138.0,9552908.0,1007,15,918,17,11,8,20,28,8.15,27.06
2024-06-01T03:36:00,PCI_2,14,59589410.0,9944082.0,911,29,872,6,8,10,42,50,18.12,17.58
2024-06-01T03:36:00,PCI_3,15,16402916.0,10930421.0,1116,31,914,27,9,14,36,47,23.28,26.51
2024-06-01T03:36:00,PCI_4,18,67595429.0,24192769.0,1135,22,789,4,13,9,57,49,6.58,27.14
2024-06-01T03:37:00,PCI_1,20,76149778.0,7194661.0,1028,19,822,12,11,12,44,29,20.79,18.99
2024-06-01T03:37:00,PCI_2,10,28256752.0,5497456.0,935,32,738,15,9,9,21,34,19.77,25.11
2024-06-01T03:37:00,PCI_3,20,63853832.0,23807323.0,1186,36,836,13,15,10,49,27,11.43,18.31
2024-06-01T03:37:00,PCI_4,28,50292437.0,25620539.0,976,12,862,24,12,9,20,15,20.3,22.75
2024-06-01T03:38:00,PCI_1,14,24426383.0,35717218.0,1118,8,748,19,14,13,48,41,6.93,10.11
2024-06-01T03:38:00,PCI_2,17,62412584.0,11535407.0,1038,23,759,6,13,15,32,42,8.23,19.99
2024-06-01T03:38:00,PCI_3,23,19394394.0,5338207.0,1199,37,979,25,13,11,45,40,6.79,15.16
2024-06-01T03:38:00,PCI_4,27,67325999.0,29988050.0,1030,8,767,14,13,9,61,30,5.97,21.08
2024-06-01T03:39:00,PCI_1,13,26794969.0,15995831.0,1127,27,810,12,11,10,46,33,17.06,27.12
2024-06-01T03:39:00,PCI_2,25,17945568.0,27859363.0,1025,14,861,16,12,11,52,39,16.45,8.77
2024-06-01T03:39:00,PCI_3,22,22613592.0,32345658.0,1077,36,872,28,9,10,35,15,8.55,24.28
2024-06-01T03:39:00,PCI_4,14,46496614.0,21804986.0,1079,17,806,25,11,10,40,30,13.49,26.17
2024-06-01T03:40:00,PCI_1,9,30551392.0,32664472.0,1058,22,778,27,14,11,21,37,5.39,11.21
2024-06-01T03:40:00,PCI_2,29,63356118.0,8784486.0,979,9,706,8,8,15,62,32,19.88,14.64
2024-06-01T03:40:00,PCI_3,6,61267680.0,11587888.0,1116,22,862,20,12,10,41,15,15.65,22.71
2024-06-01T03:40:00,PCI_4,20,50854847.0,26111534.0,1033,17,989,21,13,12,58,44,6.19,21.97
2024-06-01T03:41:00,PCI_1,16,35386526.0,5689302.0,1043,30,933,16,13,15,22,49,12.04,17.24
2024-06-01T03:41:00,PCI_2,10,64635934.0,31995074.0,917,37,750,10,13,11,28,19,8.45,10.22
2024-06-01T03:41:00,PCI_3,11,77307327.0,22762662.0,1129,8,764,13,10,10,51,16,7.59,13.36
2024-06-01T03:41:00,PCI_4,21,78328875.0,24277571.0,1146,21,983,20,15,10,37,23,15.64,9.09
2024-06-01T03:42:00,PCI_1,19,30883084.0,12740650.0,985,8,902,3,13,13,34,50,23.39,13.98
2024-06-01T03:42:00,PCI_2,27,73982560.0,15260397.0,1104,24,796,19,8,8,58,25,13.8,13.92
2024-06-01T03:42:00,PCI_3,8,78366926.0,27754571.0,1194,35,981,3,15,9,49,40,6.51,15.19
2024-06-01T03:42:00,PCI_4,27,11963679.0,5634643.0,1184,5,702,27,14,10,64,36,10.17,24.94
2024-06-01T03:43:00,PCI_1,29,20200383.0,39919196.0,1071,10,970,24,11,13,38,37,13.79,15.42
2024-06-01T03:43:00,PCI_2,25,53133893.0,36078480.0,1085,26,971,27,13,10,56,15,19.07,16.09
2024-06-01T03:43:00,PCI_3,5,50170442.0,36406262.0,1020,25,710,29,12,8,24,54,20.57,9.3
2024-06-01T03:43:00,PCI_4,24,61956315.0,28377313.0,1195,18,796,24,11,11,60,32,13.06,24.18
2024-06-01T03:44:00,PCI_1,28,32391991.0,30966124.0,1002,15,852,21,14,11,28,44,7.76,16.35
2024-06-01T03:44:00,PCI_2,27,13425359.0,34340910.0,931,16,716,7,11,12,62,36,19.04,25.74
2024-06-01T03:44:00,PCI_3,22,76446249.0,25041766.0,1087,25,808,6,11,11,51,15,5.62,26.3
2024-06-01T03:44:00,PCI_4,22,27771821.0,7232213.0,1011,6,798,19,10,11,51,44,11.34,22.01
2024-06-01T03:45:00,PCI_1,29,24997908.0,31661656.0,1107,33,952,9,8,9,38,36,20.53,10.85
2024-06-01T03:45:00,PCI_2,29,55784891.0,37732073.0,1138,20,865,24,11,9,39,21,14.02,23.43
2024-06-01T03:45:00,PCI_3,18,22171078.0,37737204.0,1041,17,826,20,15,12,48,35,14.36,18.57
2024-06-01T03:45:00,PCI_4,27,78103357.0,39892185.0,1020,14,779,18,13,13,63,23,14.03,25.01
2024-06-01T03:46:00,PCI_1,13,36183224.0,17901810.0,1137,5,908,25,13,8,53,34,13.48,16.17
2024-06-01T03:46:00,PCI_2,19,32244001.0,34058817.0,909,38,767,13,9,8,31,26,16.55,11.2
2024-06-01T03:46:00,PCI_3,5,45663228.0,11333342.0,912,23,997,17,11,13,61,40,12.46,21.32
2024-06-01T03:46:00,PCI_4,15,26503982.0,14579105.0,1038,5,830,13,14,8,55,44,15.8,24.62
2024-06-01T03:47:00,PCI_1,19,13974672.0,18972795.0,1125,31,837,14,14,14,39,22,12.86,10.36
2024-06-01T03:47:00,PCI_2,8,55845473.0,20335668.0,1156,18,779,27,9,10,47,29,9.82,24.47
2024-06-01T03:47:00,PCI_3,11,40835418.0,22769072.0,1059,18,865,22,8,14,20,32,21.32,26.22
2024-06-01T03:47:00,PCI_4,18,55123122.0,15074060.0,1037,12,936,21,12,14,46,15,22.14,13.34
2024-06-01T03:48:00,PCI_1,6,18430730.0,5979530.0,958,36,876,25,15,10,61,31,16.31,15.03
2024-06-01T03:48:00,PCI_2,12,54437933.0,5135236.0,1004,30,982,23,14,13,31,42,12.55,27.55
2024-06-01T03:48:00,PCI_3,24,76683558.0,28941804.0,1182,29,832,4,8,15,31,18,9.01,25.47
2024-06-01T03:48:00,PCI_4,24,30625926.0,22672016.0,1028,28,760,17,15,9,51,18,12.58,27.3
2024-06-01T03:49:00,PCI_1,29,59901590.0,22519879.0,1036,29,975,25,9,14,50,36,13.25,20.7
2024-06-01T03:49:00,PCI_2,26,36568577.0,14489785.0,953,10,920,4,15,9,30,50,21.08,15.08
2024-06-01T03:49:00,PCI_3,18,33759767.0,38077778.0,1109,21,732,9,14,15,53,42,7.66,19.78
2024-06-01T03:49:00,PCI_4,18,32287037.0,24393124.0,909,29,910,19,10,13,31,47,24.46,17.11
2024-06-01T03:50:00,PCI_1,15,79150951.0,12239833.0,1112,27,886,18,10,15,61,27,7.93,24.09
2024-06-01T03:50:00,PCI_2,22,16308277.0,29261199.0,1137,25,755,7,10,12,63,32,11.75,13.21
2024-06-01T03:50:00,PCI_3,28,28817905.0,7445255.0,976,30,801,23,15,11,33,28,7.14,13.53
2024-06-01T03:50:00,PCI_4,10,59222979.0,24144977.0,1079,9,852,27,13,14,32,33,16.62,17.67
2024-06-01T03:51:00,PCI_1,12,68911202.0,30941738.0,912,14,938,24,9,14,34,22,5.78,10.55
2024-06-01T03:51:00,PCI_2,16,11210512.0,11449450.0,1083,36,849,5,14,12,53,44,18.88,8.67
2024-06-01T03:51:00,PCI_3,16,18659139.0,27687677.0,1197,6,999,10,12,8,58,18,24.41,26.97
2024-06-01T03:51:00,PCI_4,13,59593608.0,7093042.0,1133,9,782,15,13,10,21,19,10.96,12.39
2024-06-01T03:52:00,PCI_1,16,17219720.0,10239123.0,979,29,841,20,15,15,23,36,18.12,19.68
2024-06-01T03:52:00,PCI_2,12,35128083.0,26827043.0,1015,11,722,23,14,15,63,49,18.25,27.1
2024-06-01T03:52:00,PCI_3,5,35352157.0,39466549.0,1006,11,813,19,12,9,62,48,13.22,25.47
2024-06-01T03:52:00,PCI_4,27,13566992.0,37541827.0,942,37,970,24,10,11,64,43,18.03,15.89
2024-06-01T03:53:00,PCI_1,6,22948817.0,20413188.0,1156,33,982,18,9,9,23,48,18.86,13.92
2024-06-01T03:53:00,PCI_2,9,53600142.0,15698192.0,901,7,867,24,9,9,23,46,9.58,12.3
2024-06-01T03:53:00,PCI_3,6,45956974.0,25904830.0,926,26,991,7,13,9,52,29,23.65,16.28
2024-06-01T03:53:00,PCI_4,21,52976210.0,36035713.0,975,35,786,15,8,8,60,53,21.75,21.56
2024-06-01T03:54:00,PCI_1,12,19933847.0,14080349.0,1012,17,827,9,15,10,38,19,19.2,11.22
2024-06-01T03:54:00,PCI_2,26,16109977.0,6499050.0,1107,10,944,21,11,13,42,38,8.0,18.5
2024-06-01T03:54:00,PCI_3,25,77084697.0,36608351.0,1114,5,774,24,14,11,50,50,12.97,25.92
2024-06-01T03:54:00,PCI_4,24,24139218.0,38073395.0,1033,20,978,13,13,15,63,39,18.32,25.15
2024-06-01T03:55:00,PCI_1,13,13885254.0,16868747.0,955,24,944,28,14,10,32,18,14.58,12.64
2024-06-01T03:55:00,PCI_2,27,29464093.0,5909215.0,940,28,985,29,14,14,45,16,19.05,18.91
2024-06-01T03:55:00,PCI_3,12,60379836.0,28690638.0,965,33,821,25,15,8,26,38,5.05,12.82
2024-06-01T03:55:00,PCI_4,13,53790808.0,11835062.0,1008,22,929,7,12,10,51,26,23.95,16.26
2024-06-01T03:56:00,PCI_1,27,77348127.0,25710810.0,1031,13,935,16,13,8,52,30,12.3,19.29
2024-06-01T03:56:00,PCI_2,26,40061086.0,22223097.0,1077,33,795,15,15,8,20,43,21.74,11.41
2024-06-01T03:56:00,PCI_3,15,24652001.0,30033149.0,907,19,878,25,15,9,59,33,15.99,21.84
2024-06-01T03:56:00,PCI_4,27,59213890.0,37757505.0,1193,36,817,13,8,12,53,53,16.54,14.09
2024-06-01T03:57:00,PCI_1,8,48087638.0,31457810.0,1167,29,870,26,9,11,24,40,8.13,10.55
2024-06-01T03:57:00,PCI_2,29,39701306.0,23676368.0,1181,20,823,26,15,9,25,25,13.98,27.69
2024-06-01T03:57:00,PCI_3,17,79234726.0,12367258.0,928,22,925,3,15,13,56,24,6.54,19.55
2024-06-01T03:57:00,PCI_4,28,22109077.0,21194926.0,1084,32,737,17,9,8,56,50,11.78,9.3
2024-06-01T03:58:00,PCI_1,5,15421680.0,23514893.0,931,14,962,29,14,10,39,16,23.63,11.98
2024-06-01T03:58:00,PCI_2,23,58942724.0,5914449.0,1035,30,753,15,14,10,53,16,21.8,20.02
2024-06-01T03:58:00,PCI_3,27,60942870.0,9440314.0,1008,26,867,10,15,13,49,25,16.65,14.67
2024-06-01T03:58:00,PCI_4,14,50512136.0,29867482.0,1181,13,819,12,15,9,52,29,23.88,15.12
2024-06-01T03:59:00,PCI_1,29,55481943.0,36598991.0,1023,19,933,21,11,8,29,39,21.49,13.17
2024-06-01T03:59:00,PCI_2,6,63885453.0,16321220.0,1140,7,825,11,9,10,44,18,10.19,13.67
2024-06-01T03:59:00,PCI_3,28,24449699.0,33922537.0,1104,16,926,19,10,15,48,38,15.26,18.41
2024-06-01T03:59:00,PCI_4,20,78154364.0,35497358.0,927,29,872,17,13,9,59,24,9.82,14.9
